"","t_start","t_end","Mean(R)","Std(R)","Quantile.0.025(R)","Quantile.0.05(R)","Quantile.0.25(R)","Median(R)","Quantile.0.75(R)","Quantile.0.95(R)","Quantile.0.975(R)"
"1",2,9,2.54983034335285,1.89034033505593,0.20267514144723,0.367272205660977,1.1513830882861,2.1296729475333,3.48637447933143,6.22464610379256,7.15628999958183
"2",3,10,2.55951201935369,1.97197688376398,0.236233183936887,0.364129065227466,1.09887276906168,2.06823481275567,3.52366424976,6.38942362100152,7.67192654657641
"3",4,11,2.55246935853162,1.96503418062071,0.206241804135747,0.326927512246677,1.08721134604371,2.06873828019781,3.43513493818906,6.5518103095049,7.47891006078618
"4",5,12,2.60084114503962,2.06209194914249,0.241237993990001,0.358253470638099,1.1349505342311,2.07884133103875,3.49294790012093,6.64265221465426,8.07706556452516
"5",6,13,2.53892256013065,1.9104891173835,0.239924779251459,0.380254031706073,1.13538445473278,2.11739522206716,3.45313656023216,6.16990926392092,7.56856518646139
"6",7,14,2.50246659435558,1.95696620332961,0.213418893438702,0.355136174090757,1.0852229514556,1.98687098419599,3.44173940328153,6.28466561940257,7.48464978355628
"7",8,15,2.59908479948746,2.00760529811279,0.237699082747435,0.366756413101784,1.12787825510077,2.077688628922,3.55831967814324,6.71971862801629,7.75493989760832
"8",9,16,2.59780308895612,2.00550713659444,0.217768944180733,0.360006471146803,1.12539115792049,2.10920968895403,3.60435698804602,6.51074676944967,7.64570396341471
"9",10,17,2.6088922898914,1.99367623008778,0.232703894957811,0.350959469363733,1.11234392565116,2.11816711011218,3.59631730138275,6.58758801621881,7.68774657162846
"10",11,18,2.51458784340271,1.93308603351823,0.22839534709663,0.364052243028894,1.10272468279704,2.02647740158582,3.43501727332292,6.33997199098258,7.49393868812348
"11",12,19,2.64647426120513,2.03289048685557,0.254880298383079,0.399806358190933,1.15814754715829,2.13885045839204,3.60250455830592,6.51564376820762,7.96563014974649
"12",13,20,2.63509614145355,2.04291895245549,0.226222170030511,0.377796883620071,1.12121165097537,2.17231343575515,3.61170549680537,6.70953389547028,7.92359714452668
"13",14,21,2.61524082031685,1.99446847468736,0.254753506527233,0.379419548353359,1.14412933930837,2.10650390226956,3.58303386128379,6.54487552104132,7.63465901500372
"14",15,22,2.5665124523683,1.93211042828717,0.246201881452598,0.415699023317834,1.12924303209872,2.09550264259765,3.50975096873881,6.3241756398549,7.59860787965074
"15",16,23,2.58479717669774,2.02951957996331,0.235195530247164,0.368957277298178,1.14194067723748,2.0762801879308,3.46843580060489,6.51489654167059,8.01502685727438
"16",17,24,2.59255407597679,1.98247319022559,0.239320947134107,0.38006153865948,1.16419044334213,2.11202061107628,3.48517578701938,6.4913717738965,7.68790171862217
"17",18,25,2.65534074804339,2.04796923883421,0.233069394940809,0.350427337369982,1.13243151774025,2.17592058620372,3.63520571600435,6.69667620491641,7.64577851003548
"18",19,26,2.59340233651956,2.00157105237487,0.245776446215918,0.382377019708745,1.14654839588988,2.11583256729315,3.55109588891977,6.53013056339863,7.65921019167286
"19",20,27,2.61816184195239,2.01489345874203,0.257886570542603,0.389253297632009,1.1226509884098,2.11470881803101,3.55419952443679,6.57265715589807,7.98627491572085
"20",21,28,2.58530664590043,1.99876392037479,0.226939859133323,0.349104490519339,1.09871714852122,2.07750528875912,3.54826523214017,6.43538792891478,7.65746274698172
"21",22,29,2.65507465062838,2.04200131739017,0.241392607506043,0.362809650368606,1.13643176261302,2.19701892055869,3.65766491440678,6.61048242346325,7.68683400612661
"22",23,30,2.6134205603302,2.06128439721164,0.235590019143565,0.375387300097237,1.13309431174484,2.09108416510192,3.5403523993112,6.5740713911777,7.83667920934749
"23",24,31,2.57932060646185,1.92337172557129,0.20732624244673,0.342546066306883,1.12569393468769,2.13843634275409,3.56825555050163,6.33399214488692,7.33870721073872
"24",25,32,2.56238206691653,1.98932539550938,0.228893051471904,0.357284544076956,1.12891789072936,2.07062632713153,3.46341355290401,6.53797074998822,7.57392518323696
"25",26,33,2.67640296239474,2.03586656163083,0.258439252865358,0.376290477224591,1.16077699344999,2.18565998828707,3.62827700910404,6.78268236299588,8.12901133540351
"26",27,34,2.59265547725784,1.95905530712433,0.222310660873436,0.366878048235197,1.14793366297347,2.14289201408683,3.59033420468144,6.4582979187227,7.52103234625836
"27",28,35,2.57290787612555,2.00683459055888,0.242008450149409,0.364401078048464,1.09684187676323,2.09885816750468,3.51093528976345,6.46530389341183,7.49900236386792
"28",29,36,2.6086814202519,2.01600449216632,0.217788449746952,0.353812665841676,1.14771930270753,2.08101676514696,3.5942530735025,6.60298597682806,7.67641669482948
"29",30,37,2.55729000460881,1.98386499387303,0.229436121446862,0.378654309436574,1.08374656474166,2.055859158924,3.48871487555782,6.43700493850056,7.5113778021004
"30",31,38,2.58124917133792,1.98114225079054,0.227272128249078,0.357185707565565,1.16188269695239,2.10317429485399,3.49155985097989,6.35777725074045,7.4410376375297
"31",32,39,2.55877298123624,1.928555576504,0.240133739123813,0.375671583761499,1.17501291781882,2.10899769633971,3.46414152560711,6.25034983792715,7.37897456683102
"32",33,40,2.57171487678996,1.99134367380191,0.271562840654442,0.426924897337436,1.07926132839059,2.06923351486368,3.55473138177543,6.31075376197481,7.38610919727253
"33",34,41,2.60815820062809,1.97983976890122,0.238370722897677,0.391169357312225,1.15022721088016,2.13471830379051,3.5793621889956,6.38347582926498,7.58841465638332
"34",35,42,2.58318290735968,1.99118731580227,0.229853810204248,0.364999233516043,1.11648988281307,2.11382567521335,3.50942033974083,6.44019129149661,7.7220416968373
"35",36,43,2.55484436401736,1.99421622928967,0.211558960541726,0.352962657132321,1.10361587607255,2.05942415383508,3.48492164405788,6.50312343339308,7.5170714546725
"36",37,44,2.53282138676219,1.97122969840939,0.238000352367107,0.354716382765906,1.07846068533895,2.06635908500523,3.4078847730052,6.5147791338541,7.62301280590685
"37",38,45,2.6056819383572,2.03339698706707,0.264523248667674,0.389585848151443,1.11724014114113,2.09271639975055,3.53025083380775,6.52896719442209,7.73237681596877
"38",39,46,2.67421312806258,2.123972787613,0.231385160937613,0.365094234772803,1.12353689726221,2.12599122086783,3.65639118198349,6.86873525854395,8.06851808848796
"39",40,47,2.60232437496647,2.04225472633386,0.236097081688088,0.369889241921908,1.12626748580275,2.08345211435837,3.49353439384572,6.63670928316831,7.93901827032387
"40",41,48,2.57560329533087,2.00527914138792,0.235228916837845,0.367545335507229,1.12591658406359,2.12211228657058,3.4961071661554,6.39715564756701,7.87799536700133
"41",42,49,2.61139715412829,1.98318230798786,0.241934515594215,0.386378698185448,1.15396300447533,2.10213758191329,3.55082085891298,6.58529055611031,7.62276936016614
"42",43,50,2.65596681915838,1.9976896278406,0.231390998076245,0.359232917586366,1.16826126518609,2.1627969941437,3.69316959117011,6.63540264903729,7.77861770731991
"43",44,51,2.63178228260475,1.9963886512053,0.243603421376821,0.354627431984758,1.16862016398319,2.12636721294733,3.5691443877985,6.57475567511779,7.64881223522573
"44",45,52,2.65084353318517,2.03112760083728,0.232085952062712,0.375232211582323,1.16520951282235,2.14407120565846,3.64865871846439,6.68716527613439,7.59087065664253
"45",46,53,2.60826546238548,1.97707758645847,0.226790071018484,0.341050483633339,1.1535633017792,2.14380840823591,3.59973536153255,6.36808763753629,7.62021174678638
"46",47,54,2.60657768012337,1.95096459707945,0.276788607375276,0.415116418280458,1.17298015380865,2.13889531837431,3.5185721507048,6.54037948134227,7.72484421284074
"47",48,55,2.55325250381228,2.00121162480693,0.204057344296521,0.354880744551378,1.10310585737288,2.03759336516689,3.418600037153,6.5340923767735,8.00331948071904
"48",49,56,2.61251909025333,1.97265536664866,0.251287519632002,0.401118716764398,1.12810112258409,2.12191932386731,3.58854026899643,6.42370245494193,7.56997368943704
"49",50,57,2.590742183825,2.0013947628076,0.219091587376325,0.358803497198893,1.11032007528708,2.10636040915122,3.54146655512688,6.43078908642779,7.6899185624003
"50",51,58,2.66417921547209,1.99346183628007,0.289575530086133,0.415237005857984,1.19756977906355,2.16355246276941,3.64365727380522,6.54654108377241,7.42352054672308
"51",52,59,2.59060670714621,1.96597657623856,0.247799295589363,0.358441404871117,1.14542837115187,2.14991731406153,3.48101052049492,6.45280191043308,7.44432129172561
"52",53,60,2.61717728097337,2.04639472326628,0.241437349669843,0.364134503522838,1.11224437147968,2.08224692466772,3.52224190979906,6.49450954190457,7.57513166440824
"53",54,61,2.60762170408006,1.9709963020619,0.25990279982857,0.381039430236461,1.1576258868006,2.12315720655808,3.53899738327352,6.5086159608875,7.66996175775141
"54",55,62,2.59879417566567,1.94431588094014,0.235344610093009,0.378215860184837,1.13614131639863,2.12870707804437,3.5424738341837,6.437790208548,7.61331960664681
"55",56,63,2.61342736308516,2.05776624564074,0.217483710676011,0.326854967065977,1.13302034429759,2.11450291799033,3.51659931245847,6.67783743843231,8.05233256152914
"56",57,64,2.65464255231945,2.06381670447003,0.23563620780961,0.355561348105009,1.16148639961048,2.16343891653396,3.56194175494031,6.51011249747406,8.02463989206812
"57",58,65,2.5345781706158,1.91491815732823,0.230867152412942,0.361975772267019,1.12025691973624,2.08264508167398,3.44732429617244,6.28719879689884,7.24522492422213
"58",59,66,2.65908275988867,2.09634807787041,0.256075605030706,0.359405531620159,1.12885468818824,2.13125993763452,3.6576251436222,6.68919127343061,7.74230323251327
"59",60,67,2.56888001707088,1.97051523590898,0.209143688302509,0.339888176459517,1.15139953332708,2.1200626321501,3.44172370548157,6.41398172820154,7.68346794516997
"60",61,68,2.59848995597845,2.04440893382495,0.220074875493617,0.335585598952234,1.13065301249343,2.05059065861392,3.50568002606596,6.62484166911844,7.80325078699016
"61",62,69,2.61649115797273,1.99741053891213,0.227912363349084,0.363428358819299,1.14343735368115,2.13330422475005,3.61379849952001,6.41764109081509,7.43495611572322
"62",63,70,2.55719720150047,1.97550455546595,0.251674039470961,0.381398726191263,1.12124125898405,2.08053199150554,3.43035283185813,6.46767620365707,7.79182516982822
"63",64,71,2.54809181294119,1.94993550302063,0.241698107149053,0.383506922099315,1.13362068245553,2.06802847390954,3.47602000703971,6.229673016473,7.32360700238682
"64",65,72,2.64072930513359,2.05061919133838,0.240802258657796,0.363599015754478,1.15790841769437,2.19743745703898,3.57256519934583,6.63791322954652,7.93119577933327
"65",66,73,2.55560112457775,1.94136512938432,0.249796197402927,0.374471567680733,1.10349871564261,2.10063869304432,3.52889838445651,6.24496603889364,7.65184930947106
"66",67,74,2.63534724725695,2.03553574644063,0.248852905199419,0.377166415429005,1.12303270735663,2.12093199883781,3.60004855956267,6.53303330329466,7.78892920494466
"67",68,75,2.61294415563758,2.00954662661153,0.218558910735218,0.344375563427767,1.13065278439462,2.13225570345049,3.58459048986432,6.53137763973139,7.72745121098539
"68",69,76,2.5899892889104,1.98626400018307,0.232250172991492,0.360212137382844,1.13823402318205,2.11436319394834,3.52594414056531,6.53599251889573,7.77755508977437
"69",70,77,2.62281282116327,2.0654265360788,0.243617136245847,0.374618197728608,1.12678801052763,2.09365782897634,3.56476747626488,6.60740299035365,8.02823032422021
"70",71,78,2.67613031875796,2.11055054838024,0.243095445780793,0.386437049566567,1.16016349222021,2.15572369210509,3.61071724431228,6.91567211786582,8.10136207320872
"71",72,79,2.60074812174101,1.98751501683316,0.228772788883681,0.370636715689184,1.16659917616002,2.13498550549653,3.50920209242745,6.45827784185479,7.46773536626807
"72",73,80,2.58723843550618,2.03247356773087,0.225587566217084,0.361856253130035,1.11869973356732,2.09315464976283,3.45737178323647,6.59072736645835,7.92992540341494
"73",74,81,2.57695992652841,1.95184309180741,0.225952222546797,0.373823178431448,1.15090350755279,2.10499018386815,3.51084450379345,6.49042848805732,7.69420739343071
"74",75,82,2.60705492213322,1.9688799202444,0.235931194241075,0.366567168673035,1.1325019685725,2.12601210383985,3.55442576171276,6.51218033210825,7.53538953081487
"75",76,83,2.52963788069992,1.89385325695415,0.25232836498568,0.370869239373028,1.12190816409366,2.07543681134163,3.52817240396001,6.22620969220403,7.5122114192432
"76",77,84,2.598445893856,2.020822589421,0.22807518980748,0.382550850236993,1.15615056016718,2.11852943618407,3.57167990664786,6.44231974635416,7.70544274959487
"77",78,85,2.51387464955604,1.9016594802912,0.232399199176205,0.367878151341984,1.10783027155576,2.05989118354363,3.44855105177148,6.13686707853508,7.18829362526929
"78",79,86,2.54496443336735,1.92237869559438,0.248658076500635,0.388031472008045,1.17192175139037,2.09396611304598,3.45245187397519,6.3869112762925,7.38106156112823
"79",80,87,2.56144007374336,1.956652572304,0.226851161826178,0.357745904301721,1.1343621697898,2.0885244791229,3.48738668863318,6.37965218614652,7.50441475417636
"80",81,88,2.61447334873681,2.1051266101666,0.20129224615496,0.322960426536839,1.09363627814769,2.07740587718481,3.59562932618857,6.61694768507579,8.00851560065973
"81",82,89,2.6311652466278,1.993891941009,0.244014041541842,0.365856342361771,1.16514164099035,2.14221532694766,3.62778066050468,6.57830345054336,7.69873262279738
"82",83,90,2.65476774097313,2.01219874788166,0.255496296111059,0.398536597529021,1.16928409068511,2.18805744906316,3.59153420676788,6.54646207608508,7.65020165806062
"83",84,91,2.58311592885122,2.00467182596918,0.229269879723863,0.385040979001884,1.12325604739332,2.07502570073459,3.49321498324749,6.68843823378891,7.78686165106226
"84",85,92,2.58634938570172,1.96195617282287,0.243057189599106,0.372287450935613,1.16708035496812,2.14329169493799,3.49001486882113,6.56613746450651,7.79340451613178
"85",86,93,2.63567250159872,2.11069431972356,0.237978471680553,0.359170211934598,1.10445545919452,2.09853432530161,3.61787857878365,6.71936523564852,8.0010661118745
"86",87,94,2.68054170869132,1.98922960294152,0.241057726801712,0.381102520710608,1.21512731734612,2.21921737449627,3.64297668484067,6.81064934531214,7.79638474920746
"87",88,95,2.6466677214113,1.99623540867418,0.242622258903148,0.369388913371684,1.14482887717598,2.15073860710207,3.60723658325596,6.59450643285154,7.76329975299025
"88",89,96,2.60705697548054,1.9580491023548,0.242751646135445,0.371279335494585,1.1816973557932,2.13514766934642,3.52269172678584,6.37421626248074,7.67842494946518
"89",90,97,2.61380644536621,1.98615366739692,0.261484061513391,0.37589286430956,1.12541217558715,2.12587451621293,3.5811574581708,6.50321439243801,7.60775033796414
"90",91,98,2.56455415472982,1.99369869078305,0.217924396212874,0.361279062348551,1.14305247305134,2.05686908606467,3.43799692599807,6.38994026680266,7.60244964164568
"91",92,99,2.62045498131172,2.01223220470327,0.228087370963598,0.381608424207601,1.12777026610216,2.16223145944371,3.51282541783251,6.47221479934962,7.75455200642396
"92",93,100,2.59248196000476,1.99238240766961,0.259476032651563,0.399430767523519,1.1633653120666,2.10112841084685,3.48477982884638,6.47856773498401,7.59296303078322
"93",94,101,2.57988168741576,1.98937853548337,0.229755759330071,0.381255259010422,1.12873773870915,2.07564253408111,3.49573564063775,6.39469750532314,7.64337016958166
"94",95,102,2.68144378013953,2.05207210273917,0.244176690050844,0.37074948363971,1.20090784668001,2.15764276750706,3.62211514848856,6.72606247355855,8.09897382873474
"95",96,103,2.62553937639021,2.09384229742188,0.239588040236953,0.374317913455962,1.13892809947609,2.09396537857509,3.55329457011841,6.63612122117008,7.92039338167171
"96",97,104,2.60769856478268,2.02154166644525,0.258249788992873,0.396583584914364,1.1301839831167,2.09901516669861,3.57986575313137,6.62381969468467,7.91620621862639
"97",98,105,2.54878288216037,1.97307606164598,0.230737390870268,0.37617693140806,1.14801336724542,2.05403058414711,3.4370003406138,6.24611229217499,7.56591392966709
"98",99,106,2.64070120417122,2.06042226936341,0.220931075799287,0.355637009678775,1.14154789594709,2.10171394420272,3.63590988088234,6.77011642227499,7.965246402788
"99",100,107,2.59013939879291,1.98968066663118,0.256700782301532,0.411704138923755,1.13779498975403,2.09849661401966,3.53794128654301,6.40302692024683,7.67098125871944
"100",101,108,2.60121078968616,2.01838177144929,0.20950171351418,0.354546396946039,1.11926182648997,2.08787609953561,3.52439612286443,6.53166304505757,7.63171822018834
"101",102,109,2.64474031599268,2.04853874137063,0.206091367943563,0.341616715177718,1.14926261192388,2.131762616464,3.59034360027727,6.72545799104975,7.95578656413778
"102",103,110,2.65080843967062,2.04733474646587,0.250091061734065,0.396832821098562,1.1501442558272,2.1514404116485,3.62740937092606,6.63260880474122,8.05961268978817
"103",104,111,2.57396940370186,1.91896343722076,0.224498537262027,0.358964764819631,1.1712856154083,2.15065338275505,3.49539519718902,6.09727346039776,7.60279943247703
"104",105,112,2.61084801118284,2.05402503447132,0.24414477732068,0.376190056419705,1.14573813027739,2.09428352775326,3.49800473691624,6.66655719882225,7.89617130350779
"105",106,113,2.63588760252163,2.01418099294742,0.230345244881383,0.36270884356847,1.18379780925583,2.1320568972155,3.63570373588826,6.45929228128992,7.43541425408692
"106",107,114,2.61777375083536,1.99090202966064,0.272355698478079,0.382919362976629,1.15757039767904,2.14742951043244,3.58741707808916,6.4889147294629,7.73147000604252
"107",108,115,4.09735436687781,2.4802256430787,0.77802556701678,1.02588160918322,2.25411888761413,3.63439024092346,5.44892159265787,8.85592425859612,9.99908573595113
"108",109,116,3.82680695895187,2.30691235335792,0.719048126016423,0.962104223380854,2.10740238778289,3.36598500282385,5.02420878559018,8.22347838600746,9.35284046121165
"109",110,117,3.30984320411737,1.99529757610809,0.554179459186416,0.778423664683115,1.84213404379558,2.92733224168714,4.39857965236234,6.94195135304844,8.18515503045052
"110",111,118,2.78925978585979,1.7286864400909,0.543520739658309,0.709886851750518,1.54371180401367,2.43035795236721,3.63388921835544,6.03588966159357,6.95318692167783
"111",112,119,2.43331806839551,1.48054464918482,0.447055667174237,0.581211204708142,1.34904538155605,2.14584292304798,3.19573463712662,5.2289417455736,6.17420460889219
"112",113,120,2.20262679738485,1.33913608099927,0.442890239633714,0.563604537067129,1.22304693504524,1.948695144752,2.88585281371068,4.74301081707471,5.50285773499751
"113",114,121,2.04999549717264,1.27526825562601,0.345329277485258,0.457040117530938,1.13304731598912,1.80032358795671,2.68224007015736,4.52677079052673,5.1982692182884
"114",115,122,1.85470052617966,1.14892444305674,0.323278243610868,0.452580202946594,1.01949992596353,1.60608463050313,2.43234422194956,4.08154271955053,4.70415747495395
"115",116,123,1.14028053284944,0.872123450660765,0.107912647448701,0.174676768829214,0.504245459471644,0.924228283115397,1.5530054199769,2.79826200805334,3.42254014107477
"116",117,124,1.14664224905418,0.900223886262596,0.103295193073594,0.158210828992111,0.502125739871531,0.921233601768505,1.56641316102918,2.93393156201726,3.45797651501948
"117",118,125,1.23132008514218,0.948754570407551,0.114934809035246,0.172092564993431,0.535495456671596,1.00224970031309,1.6592582521216,3.06461270488626,3.65349313198517
"118",119,126,2.14994389167646,1.33803442969693,0.419266366466865,0.522566142712894,1.17689399439493,1.85709106750295,2.81487874245661,4.74843845469966,5.52390749063837
"119",120,127,2.27391813858143,1.36925805591615,0.425275856425498,0.572406174212489,1.27391413453484,1.99601145918779,2.99980133855452,4.85860431249203,5.74874587595524
"120",121,128,3.13640008170323,1.70501995135641,0.729908634117002,0.94006957475946,1.90724272057265,2.83775213243979,4.05236513457591,6.23669482952271,7.08625548674451
"121",122,129,5.89166726995201,2.09771019437565,2.52775479594439,2.83941097079709,4.39210180047015,5.70118532325069,7.12013413157455,9.63637666407294,10.6468758201996
"122",123,130,4.64810262509842,1.7970666515616,1.89809500157176,2.20019388543451,3.36275397321612,4.38636479254559,5.67189514700153,8.03219500664217,9.14926504772646
"123",124,131,3.22427404616299,1.32535490627259,1.23722437592343,1.45203992855926,2.27088721302378,3.02733345910298,3.93715281857019,5.65507071848102,6.41406229021389
"124",125,132,4.32565804746745,1.36777069341969,2.24613898994281,2.45173683806267,3.34708555790047,4.13967636289711,5.13226289707256,6.79518778941509,7.51246865350886
"125",126,133,3.28044714344297,1.00603364125069,1.71117431233179,1.88814371200031,2.54147159487146,3.14337093089123,3.87992061412148,5.12467149448828,5.58520694906065
"126",127,134,2.27342073893893,0.718553527864797,1.13888940506741,1.26106353049113,1.75179129231617,2.18805714144626,2.7200514705617,3.55577199489654,3.89825066125363
"127",128,135,9.0141933895769,1.47060469083092,6.51805725511513,6.81973988136284,7.9482732596929,8.89864392892356,9.93649497951462,11.6125033902259,12.2297309034543
"128",129,136,6.16518466799761,1.44501624743383,3.66912848185823,3.96145083088851,5.09875687439662,6.10014900763502,7.1376535541935,8.67567943964389,9.22328420537578
"129",130,137,3.72522501799815,1.03025298200301,2.19324056395104,2.3234927070085,2.9665708331552,3.59805889772039,4.2972440352881,5.6899091221801,6.25629283083886
"130",131,138,2.49500143575283,0.568700075163996,1.62818860382447,1.7103738745754,2.07990477686072,2.40796252485821,2.82823366982841,3.55919079659832,3.90659825660856
"131",132,139,1.90012019493806,0.353763060166294,1.3330077012609,1.40329011329187,1.65486551027747,1.8605731180048,2.09673688042176,2.55562049936272,2.71960906836034
"132",133,140,1.48133434416125,0.237360904836187,1.07123886839021,1.11959529246873,1.31871748843451,1.46127826455029,1.63210085132151,1.88733401998169,1.98658456718053
"133",134,141,1.30421436598921,0.18857340054961,0.961823372161253,1.01000579436702,1.17409620488313,1.29589570106585,1.42061348034927,1.62974632246242,1.7041280447339
"134",135,142,1.20967300365546,0.166177161784362,0.897658486279993,0.950858083489117,1.09440607289077,1.20313064277803,1.31701530675675,1.4902065064536,1.55209304479203
"135",136,143,0.169438957559861,0.057424124023589,0.0746517921074582,0.087987813408585,0.128117214203014,0.162401385670171,0.203323781241207,0.271951236467908,0.298781200065423
"136",137,144,0.327937485100447,0.081435365910145,0.188758438688911,0.207246798062787,0.269710986611016,0.320368296314794,0.378563826956059,0.471536020746379,0.505485497906681
"137",138,145,0.256170116858747,0.0774846417916387,0.129160749542669,0.144521852022393,0.202372677700709,0.247140166557621,0.301935747037294,0.397014473226031,0.426177796613158
"138",139,146,0.320014645408102,0.0961608479389289,0.167824522193151,0.184515283856845,0.250658899361595,0.309897457289101,0.377732792999553,0.491198345605269,0.541146256728498
"139",140,147,0.493407313344083,0.130898635373978,0.272721830519837,0.30192842369546,0.403606980696473,0.47792151147581,0.573177071644216,0.728493891933131,0.775128103035269
"140",141,148,0.575021716726953,0.153925476240192,0.316661895320405,0.351285152806255,0.462954616500135,0.559167146826134,0.671503824690413,0.853876161774989,0.927825395692227
"141",142,149,0.731336983738667,0.179739396997726,0.420962886719624,0.46562760402669,0.60520628946905,0.715020191903176,0.83969068453137,1.05674164304894,1.13703463678473
"142",143,150,0.812079252050951,0.1886414214095,0.482135647109791,0.526543025596491,0.678312602455328,0.795168316420071,0.934610730264659,1.1370579548273,1.21399106058181
"143",144,151,0.928459431648932,0.212127007658815,0.55891907389047,0.6046396454468,0.781091723314906,0.911356998368827,1.05753471419357,1.30424431482915,1.39463957526485
"144",145,152,0.580150736211537,0.173399990298822,0.288636226071083,0.329089533119077,0.457000136881897,0.562350808563182,0.687372471280571,0.89488632031464,0.97930559615076
"145",146,153,0.612639416151679,0.184592579414839,0.31000761944151,0.354900581450704,0.479333745818599,0.591984965606615,0.726443408619345,0.949548790521992,1.0215223837338
"146",147,154,0.663727355633779,0.195737443679238,0.334827067974842,0.372144519189954,0.5222794821709,0.645908731128414,0.787362452732867,1.0155312466413,1.09108135652742
"147",148,155,1.21621122466709,0.279504471525341,0.740673985277184,0.803825872452255,1.01804334550315,1.18267101603402,1.39400971881022,1.70694216411634,1.82582967866293
"148",149,156,1.21461048600951,0.281937860900462,0.735875884681872,0.784371506457173,1.0158168297377,1.20115274473969,1.38504110206726,1.70787018604676,1.84821100685064
"149",150,157,1.14746235012156,0.281876652659684,0.659696317911898,0.723987235167266,0.948389995084853,1.12310394359282,1.321532447192,1.64706700918964,1.78995599964233
"150",151,158,2.54524557363952,0.423405733594314,1.78582917818456,1.89074064533345,2.23719637099162,2.5172229575999,2.82107665434764,3.28235189069471,3.45137273752956
"151",152,159,2.30812300321411,0.406210609691321,1.60012873624326,1.6844525627118,2.02581467992421,2.28123059036169,2.55497639430033,3.02352840485096,3.23151975133219
"152",153,160,2.06231740736383,0.380719833426371,1.39738084818173,1.47315652967587,1.80174814216215,2.03483096337636,2.29227324512233,2.71649581463443,2.88289786664827
"153",154,161,2.0289580370309,0.35644384044796,1.39702830134027,1.48805387675574,1.78169792463661,2.0024903463255,2.2515459583302,2.64713136259104,2.77110397358409
"154",155,162,1.74458926748007,0.29792240395706,1.22112608192082,1.28318427289856,1.54076983044969,1.71981464024579,1.93967031685526,2.2703527754113,2.38632018947515
"155",156,163,1.14141271490967,0.2131273383199,0.77420039330681,0.822659223062038,0.991163835129102,1.12262979705164,1.27506449462992,1.52242225323614,1.6063888896633
"156",157,164,1.79405307552039,0.244609392669499,1.33817414237056,1.40500176271229,1.62245985502241,1.78129990584576,1.95281894542401,2.21779274594081,2.29613236535581
"157",158,165,1.75179670138429,0.232313555988978,1.33533121767,1.39015182744136,1.58940275507527,1.73893676375387,1.90319453370725,2.14876332818884,2.24028154324257
"158",159,166,1.08462592597263,0.171226779436868,0.766199199884561,0.817039994225905,0.960581369438869,1.0789208825243,1.19824709807907,1.37686790080989,1.43394391118941
"159",160,167,2.04636603184613,0.225548869692785,1.64021330434373,1.69530748084693,1.88846542308425,2.04012355967649,2.19105033061042,2.43050015722073,2.50962714993623
"160",161,168,2.09606687369022,0.229930018756561,1.68215964419179,1.73778613579641,1.93255848959242,2.08316997165481,2.24642129570421,2.48956282102214,2.58995278565765
"161",162,169,1.97107477900149,0.229229761017457,1.55314084681113,1.62575433100074,1.81085863095474,1.95922250488659,2.11510740771806,2.37625563356187,2.45706166641165
"162",163,170,2.22933449362095,0.245575657385566,1.77710215278078,1.83709770116898,2.05665174702498,2.22173550718323,2.3884106786034,2.64597842844009,2.73543219187834
"163",164,171,2.1921694427022,0.24253845402736,1.74676570414296,1.81396912801574,2.02475433117884,2.18301761967053,2.3505276117639,2.61539486270903,2.69280727479363
"164",165,172,1.67236500214784,0.197369144694452,1.32421854293239,1.37515389982078,1.52832015428677,1.66524097001799,1.80164851948502,2.0055144321294,2.08071418184153
"165",166,173,1.64188340146083,0.172630873601159,1.32702395790824,1.37306905852616,1.52333460915796,1.6323611070661,1.7571358847353,1.93859955471623,1.98994889762311
"166",167,174,1.68344431925152,0.157077940374656,1.39700721608493,1.43807060277014,1.5751341754276,1.6773131761332,1.78277599152642,1.95328875725263,2.0074877470591
"167",168,175,2.05976713018742,0.16506926629589,1.74676206013765,1.79874131953232,1.94424444526123,2.05508586200374,2.17183624304004,2.34000430616824,2.38874214917589
"168",169,176,1.91640160515434,0.162426701881227,1.60362869771916,1.65008781491786,1.80402777036991,1.91154444800634,2.02425460318653,2.19344927767533,2.24201738722518
"169",170,177,1.69727582994346,0.153929627299525,1.40763970564945,1.45134428173994,1.58752616431779,1.69225669539655,1.80089469601551,1.96269622605009,2.01265679910183
"170",171,178,1.44444694734214,0.125871383051065,1.21697877248386,1.24576457433013,1.35439959566605,1.44034255717969,1.52685399658862,1.66351278287955,1.70715695353941
"171",172,179,1.44579480627808,0.112333648742289,1.24041430360383,1.27040549406852,1.36475619839031,1.44000367986315,1.51802538557742,1.644723641428,1.67903463904237
"172",173,180,1.34020561610773,0.094784812231937,1.16258212465522,1.19096116040722,1.27420676322737,1.33738788260511,1.40411459161057,1.5016318643714,1.53188563841798
"173",174,181,1.25849158477572,0.0862810381818132,1.09796830851067,1.11959589662369,1.20074380764857,1.25557777853503,1.31443580440134,1.40461142527175,1.43133322688155
"174",175,182,1.15408877351309,0.0761375708161531,1.01321511285692,1.03490959708138,1.10224111753721,1.15264575232136,1.2025928607114,1.28385897395086,1.3085093460769
"175",176,183,0.719116663756769,0.0565228462292682,0.616826286053724,0.631019213209645,0.679389088810938,0.71695911058607,0.75562828629762,0.815872562575131,0.83868327315053
"176",177,184,0.741384178050978,0.056973411413912,0.634039534882473,0.652811590713336,0.702162649101439,0.738616775759412,0.777843258786989,0.839916154098216,0.8594489226495
"177",178,185,0.738003072288204,0.0599142921428951,0.628136523016038,0.644194234105916,0.696475392329545,0.737837099654139,0.776532283958451,0.839787141139307,0.862099514796677
"178",179,186,0.709177219194502,0.0629585493641906,0.590205316463341,0.608855709486209,0.665758804919018,0.707249737213624,0.749965759355486,0.815955938316537,0.840298117292196
"179",180,187,0.669561442782798,0.0609184397625779,0.556796650092052,0.572692145700659,0.626544272307423,0.667770507124033,0.710910205294076,0.770859125080718,0.792300300342968
"180",181,188,1.12738024781653,0.0865133225232242,0.96614561401888,0.992698819825396,1.06953308297925,1.12301219881714,1.18234952489351,1.28200287547377,1.3162159667953
"181",182,189,1.13475524400961,0.0813763142596893,0.978253231916238,0.998323287538396,1.08039205969983,1.13311770920532,1.18801659244889,1.27629615274363,1.30181740785233
"182",183,190,1.1964417495848,0.0803529992547902,1.04881847529933,1.06997365188581,1.14125089361688,1.19483248860299,1.24961257199605,1.33699037608708,1.36223401385038
"183",184,191,1.23174762563692,0.0820540140868375,1.07799682986261,1.10239059075603,1.17542629303523,1.22933709104529,1.28603976600633,1.36594349990345,1.39969601123967
"184",185,192,1.08548434476189,0.0759399026025808,0.946029202954362,0.9663497126543,1.03197688289241,1.08259544288479,1.1363825501167,1.21483588077042,1.23929269965267
"185",186,193,1.03069917081465,0.0731387597437986,0.899599964563354,0.917091496657369,0.9776045869735,1.02775698771702,1.07913367625621,1.15706778011691,1.18010219178024
"186",187,194,1.18068388470506,0.0750299762631348,1.03560711036625,1.0590128792662,1.13167739744121,1.17917608622426,1.22881983686886,1.30848432727827,1.33121805513068
"187",188,195,1.03899886938845,0.0703735115468869,0.904216353121043,0.926412480177651,0.990780667954873,1.0386025507969,1.08548857599044,1.15517286127711,1.17745097976548
"188",189,196,0.665780921639938,0.0553884972309252,0.559211703964383,0.577103209002673,0.627460172450334,0.663390026323305,0.703234022039809,0.75944554030148,0.778683491644877
"189",190,197,0.597669274949698,0.0525118081240762,0.501658619515165,0.515342679931303,0.561154398344669,0.595595788098135,0.631662474067802,0.686862345578814,0.70620101993263
"190",191,198,1.19940232155335,0.0832350255517547,1.04235809920241,1.06702571398057,1.14189437272992,1.19738543697882,1.25560407215701,1.34117146454209,1.36703567699755
"191",192,199,1.45860398177927,0.0921814621575542,1.28178799949711,1.31044247786305,1.39560378805832,1.45683636181405,1.52099901966328,1.61058166126137,1.64104640530658
"192",193,200,1.48296841134001,0.0858970597010991,1.31779193271984,1.34414477353876,1.4249445536434,1.48248351884811,1.54053790286417,1.62665628108715,1.6546069955732
"193",194,201,1.46689567103766,0.098446511310067,1.28715482806882,1.30847677055501,1.39752455911586,1.46560349776046,1.53369375965834,1.63659921339103,1.66616375377094
"194",195,202,1.26975130206771,0.0929437791859702,1.09788477764326,1.12619989793239,1.20484262668356,1.26565895739233,1.33153423615234,1.42765294477533,1.45954845961289
"195",196,203,1.27687506294288,0.0860660782358516,1.11161020210081,1.14165512062023,1.21884489411118,1.27410535007631,1.33104416076492,1.42609937866832,1.45920608926059
"196",197,204,1.36716586846028,0.0812914010059059,1.21730091879528,1.23934044796282,1.31076972435532,1.36421228494329,1.41804475133732,1.50731169804518,1.53808343050029
"197",198,205,1.46259847647653,0.0817799776286016,1.30876862658906,1.33161814933693,1.40307531465091,1.46158505874253,1.51576514376712,1.59698622424928,1.63400568154972
"198",199,206,1.02116973589653,0.0660967514174353,0.895226437655172,0.914279153947347,0.975552608756925,1.01999914596888,1.06468162114,1.13366663504626,1.15642334027383
"199",200,207,0.825019081709595,0.0544630712651744,0.721360777342854,0.736465066599462,0.787849060057656,0.82305622819805,0.860394050277822,0.919672999285645,0.938369584683155
"200",201,208,0.894767638421497,0.0536834137423459,0.790744486491222,0.807187959508656,0.857765881219502,0.894494931349051,0.929962966379517,0.985211036900906,1.00411541819776
"201",202,209,0.932101831861022,0.0581626272864467,0.818282174446615,0.839545241634205,0.892452024010258,0.932078216124292,0.970617254336114,1.03016967300891,1.04741185366442
"202",203,210,0.919877715608323,0.0563591893011968,0.811173183856385,0.826456685094434,0.882312555007258,0.91853981942042,0.956158660005714,1.01635272529182,1.03549935300921
"203",204,211,1.03684063679084,0.0599499264451333,0.919782412819578,0.938441823631329,0.995037589096434,1.03769099212112,1.0758941618692,1.13646878172835,1.15476422277926
"204",205,212,0.964238137612238,0.0571122462155093,0.859523326086403,0.874588877334454,0.925056167897156,0.961319035719738,1.00103267419292,1.06226439479716,1.08282874979807
"205",206,213,0.901118353501877,0.0555820788869935,0.798995577625426,0.812682844935994,0.861761792458065,0.900283341219944,0.93626603368462,0.994373550157019,1.0153220829928
"206",207,214,0.84279497741683,0.0532258562413327,0.741289267615104,0.75901381956699,0.806198667266423,0.841284286334519,0.877296511806359,0.931061598870043,0.947552723058872
"207",208,215,0.868109917977989,0.0563737367124899,0.763758981032742,0.778380817240956,0.828263361285542,0.866680007482044,0.906095122689273,0.961947194020892,0.980987904876643
"208",209,216,0.800465325100659,0.0535414020248957,0.695914689694434,0.714318374257589,0.764845613124861,0.800117291338338,0.83481874831708,0.89078117360783,0.908417699562922
"209",210,217,0.841168792364063,0.0575017036662209,0.735205229917543,0.751857599986766,0.801438838715194,0.840411441956221,0.877278944471554,0.937763518001808,0.961931437602081
"210",211,218,0.954756209460483,0.0627659736080263,0.836816295117951,0.854570817685043,0.911468906298343,0.953236036555222,0.99680882764466,1.05903786667905,1.08008945679352
"211",212,219,1.17072223392046,0.0696837177081851,1.03829321701468,1.05805697012956,1.1236553802405,1.1706250390381,1.21698729612994,1.28582428804853,1.31217121570978
"212",213,220,1.27036697352469,0.0696905760303952,1.13785833821758,1.1595810619187,1.22282717445143,1.26910109806178,1.31400439537325,1.39044399623125,1.41841609634872
"213",214,221,1.17816871239223,0.0702143794737479,1.04570409805348,1.06676458093054,1.12879440868254,1.17585196754418,1.22335671118186,1.30105021945117,1.32155816868601
"214",215,222,1.15271301077902,0.070107339242614,1.02103091583834,1.0416697573436,1.10494096967862,1.15053860224783,1.19901592609553,1.27001924581103,1.29488338183882
"215",216,223,1.10022325249813,0.0662864276956558,0.973057824283343,0.991105522413561,1.05669082577868,1.09960393394763,1.14421062215086,1.20806712908821,1.23430356531574
"216",217,224,1.1149737980651,0.0647259977449053,0.990565309702012,1.00736460143705,1.07047387243853,1.11445495532025,1.15728215733546,1.2252584793975,1.24746554696244
"217",218,225,1.04770607391641,0.060362175425612,0.932199969998071,0.950547433588305,1.00771622404686,1.04685153266573,1.08703298478498,1.14829121126774,1.16803534199982
"218",219,226,0.972473710992589,0.0576436698303944,0.86471486762968,0.881361969943721,0.933031870573979,0.970572719214059,1.01079689853423,1.07157117983803,1.09067606181732
"219",220,227,0.71245088440161,0.0483843508732382,0.618563246786932,0.633464908313629,0.678170489593888,0.711911297919396,0.744840593180143,0.79286712260628,0.806759811895952
"220",221,228,0.629491751734106,0.0476661509749555,0.539606075989692,0.554090161672423,0.5965706757192,0.627766159996696,0.660734216040466,0.710030103666775,0.727490357237846
"221",222,229,0.744154312524079,0.0565743076447155,0.637468224020864,0.655702063786104,0.705748482905963,0.740917404704853,0.78098063893627,0.840735995420905,0.863138092262672
"222",223,230,0.880131174019233,0.0665039706476567,0.757393994255183,0.776382084776288,0.833086072039289,0.878412895527599,0.924393219282113,0.994826271225564,1.01493341599115
"223",224,231,1.03374632806461,0.0702108437712324,0.899419267381796,0.91900394665662,0.985984359276367,1.03242545056485,1.07943139437397,1.15105570012763,1.17907834812612
"224",225,232,1.14704146109458,0.0707709759904059,1.01398542800728,1.03247327098693,1.09795634928751,1.14527307643581,1.19503724836041,1.26556272938158,1.28579113872405
"225",226,233,1.18485132147229,0.0706533094823067,1.05205694487921,1.0722543268768,1.13580905834166,1.18254932785848,1.23117838380547,1.30276870908004,1.32638517191973
"226",227,234,1.25103435183834,0.0723307145701886,1.1137689328027,1.13283846804216,1.2001848030496,1.24990643901997,1.30006160915681,1.37406617473088,1.39477949594046
"227",228,235,1.2888426751093,0.0762974956432631,1.14638552504819,1.16724057176605,1.23700822265054,1.28587238646803,1.33930360285136,1.42026796389672,1.44099648273248
"228",229,236,1.33455860166667,0.0790745742191012,1.18734479266097,1.20975729634131,1.27856053497564,1.33216798752988,1.38757506467206,1.47265307688467,1.49950740396834
"229",230,237,1.38663192264856,0.0805594434280503,1.23722400477285,1.26006118116209,1.32789718359202,1.38537380825158,1.44101326853696,1.52199706902031,1.55212575589359
"230",231,238,1.25156985001834,0.0738445226030317,1.11074627031559,1.13328675887983,1.20107203991344,1.25007847418775,1.29937968134414,1.37436870693011,1.40568072117555
"231",232,239,1.23716063828549,0.0706699675858468,1.10716697724887,1.12491157489668,1.18813270973867,1.23484764651978,1.28027455684556,1.35823024045785,1.37988718608731
"232",233,240,1.30031660497627,0.0703006774130211,1.16866763943155,1.1893989149504,1.25060908103553,1.29794864099275,1.34547392055672,1.42229200990102,1.44877756642781
"233",234,241,1.29737140541608,0.0677110861382813,1.16952180150984,1.18845457611757,1.24971884012903,1.29737568736848,1.34131022007708,1.41251212473502,1.43964718276566
"234",235,242,1.23719651096893,0.0637810057112556,1.1183315739948,1.13477133560095,1.19432043303977,1.23571809465343,1.28137981167847,1.34254169333598,1.36680375604686
"235",236,243,1.11417546901933,0.0602782453419791,1.0001647491019,1.01726682914526,1.07256481101966,1.11302076812284,1.15451346561152,1.21387071971271,1.2334885727083
"236",237,244,1.03865519160558,0.053496748196933,0.937645783666682,0.952340722559273,1.00090018666005,1.0379465384662,1.07442908519403,1.12910711674781,1.14460041457113
"237",238,245,1.03934726186935,0.0507517580478895,0.941688971421698,0.957169981391247,1.00457466129106,1.03890266176668,1.07300772707642,1.12333214925008,1.1404277846188
"238",239,246,1.0332691209747,0.0513349069469082,0.936286795299604,0.951103714861668,0.997608192767852,1.03383952559901,1.06919247104998,1.11693320726228,1.13319992016659
"239",240,247,0.971592336583561,0.0493674656256276,0.874654625900542,0.890515059745905,0.938167041613694,0.971668717878899,1.00354853439983,1.05269992271116,1.06844180354364
"240",241,248,0.840143455109292,0.0460983140737116,0.74977719365068,0.764263064096555,0.808597476449029,0.841388468766634,0.870426633984796,0.916139910004361,0.931223993129405
"241",242,249,0.836030104479555,0.047180937439698,0.74824275971794,0.762462418726961,0.803637019142587,0.83413591636249,0.866853896053172,0.915289616803666,0.933517438310858
"242",243,250,0.803478034935362,0.0466446363896771,0.714798744008908,0.728495969232954,0.772225077420411,0.802572143387404,0.834274510413457,0.88044747417614,0.896359176806736
"243",244,251,0.825434879169752,0.0489719414616786,0.733643929522462,0.745847569034093,0.79199917980225,0.823937674181089,0.858205729282961,0.90747708127844,0.922443618669978
"244",245,252,1.00840976469594,0.0572044719493582,0.898522405392351,0.916292757457565,0.96862565972179,1.01024198584277,1.04784167352174,1.10324498419154,1.12119557352889
"245",246,253,0.863030363963662,0.0496865722673433,0.770419874519282,0.782560982890346,0.829457242476463,0.862514480616327,0.894800845509184,0.948438486783917,0.965328770560419
"246",247,254,0.862399536956143,0.0487469519189882,0.769210210505755,0.783660487916311,0.828942135977817,0.86096449764482,0.894484662323897,0.944847733965698,0.961428367238904
"247",248,255,0.88304601717538,0.0519980422330317,0.786943850567334,0.80044486014647,0.846763835977328,0.881560023745732,0.917875715688698,0.972572910584676,0.989373786916228
"248",249,256,0.90136393858646,0.0514201759326485,0.800155771759763,0.818020863778277,0.866700817034538,0.899984159973595,0.935670782346037,0.985833096267674,1.00775789526268
"249",250,257,0.815269210829544,0.0491908606105691,0.720248062901718,0.734121660002505,0.782707324944796,0.815322122882725,0.848608953225694,0.896628485849856,0.909148343340616
"250",251,258,0.93666830191095,0.0546274714416488,0.833733543243419,0.848855640404818,0.898734886022744,0.93558620894856,0.972654489118055,1.0290568225463,1.0444473956032
"251",252,259,1.01362616209933,0.0584004944114169,0.904936346185534,0.921008338466454,0.972362467331052,1.01119073321635,1.05233152296813,1.11305299728931,1.13372071799808
"252",253,260,0.84586400154749,0.0527379457807712,0.74459009048413,0.758910018393147,0.810262421101715,0.845315741972312,0.880509582018213,0.933738365009581,0.955812370351892
"253",254,261,0.915136079317612,0.0553068876733001,0.810834401655338,0.82787424208692,0.876853496569029,0.913729722011891,0.951376253945184,1.00777692627243,1.02970924921924
"254",255,262,0.944194278068288,0.056311252106471,0.837607217348307,0.85456861092262,0.905759073983289,0.941927287386195,0.982487370815191,1.0397132100793,1.06072643227501
"255",256,263,0.919027285197591,0.0543071179987882,0.814279539002942,0.831046685670505,0.881799620261142,0.919530549891879,0.95475204430163,1.00698047282763,1.02784019964901
"256",257,264,0.814285820805154,0.0520557537843675,0.716138377150687,0.730808746253712,0.779332463494754,0.812782521336273,0.849071741884357,0.90184073639395,0.917250876895334
"257",258,265,0.951009927803584,0.0581938419326944,0.840638607841022,0.857949810515347,0.909768507643818,0.950223114107039,0.990158336414797,1.04831529812831,1.0691321107996
"258",259,266,0.91649557160108,0.0572904553464392,0.809135501972754,0.823795498755696,0.876735723566755,0.915894106272945,0.954354331462342,1.01209116406963,1.03217848375985
"259",260,267,0.95917903662138,0.0593016261078648,0.84132528083209,0.86465017539237,0.918313164733488,0.958731233096632,0.998841500504453,1.05996558783978,1.08034230037141
"260",261,268,0.982082384608691,0.0588698099218926,0.869919359989302,0.886513765929009,0.941532371310316,0.981873315333294,1.02155105293419,1.07797161778338,1.09789852518841
"261",262,269,1.05246667359021,0.0624746271053075,0.933407709448491,0.951649199643996,1.00973324718458,1.05129747724855,1.09484856479229,1.15633056141506,1.17837865430728
"262",263,270,0.984226517657576,0.0586248258732271,0.876378873893954,0.890548823031338,0.943917902484372,0.981601225315706,1.0218915007164,1.08260682946091,1.10344486646053
"263",264,271,0.892302462214771,0.0565154128952491,0.785847989237041,0.800679316359917,0.854665765643897,0.89159258767409,0.929603500926969,0.987570755971153,1.00298416480475
"264",265,272,0.965847294570279,0.0601958834077069,0.853977420133153,0.869760358023218,0.923832544215991,0.965499054428045,1.00580395475727,1.06577431658653,1.09180297058404
"265",266,273,0.868331693368363,0.0576370798949495,0.757070852809497,0.775002361766867,0.829108356385266,0.867289846903551,0.906095903492427,0.962754122614747,0.985700694600329
"266",267,274,0.818051227283814,0.0556159812105253,0.712263499208158,0.727909389956694,0.779325065777817,0.818346295085286,0.855773793656339,0.911893225547745,0.931334366571292
"267",268,275,0.721391083117447,0.0534524376534995,0.618275380328132,0.636881614583574,0.68451050303136,0.719436227876597,0.757378534479542,0.810306697919525,0.82588181665426
"268",269,276,0.68474278458857,0.0542976446920037,0.584922719939992,0.599791721038516,0.646586176968829,0.682718204475784,0.720967740909761,0.777410498537729,0.800469120717825
"269",270,277,0.590447387999139,0.0528566012545687,0.491636925528519,0.504578826515702,0.553721793353702,0.589819031410659,0.62601775946448,0.677124899133099,0.699364602213069
"270",271,278,0.596257040052313,0.0554959183124671,0.493952419041229,0.508858400932375,0.557446042395019,0.594424480521477,0.631814282971771,0.6900450915957,0.710655491454475
"271",272,279,0.798150258732121,0.0703360895538973,0.666992706636481,0.687798688374159,0.750695137356238,0.796932243665422,0.845342502736146,0.916995926014269,0.940160209567757
"272",273,280,1.05637212332553,0.082733451921923,0.906872491697343,0.926486345853158,0.997307727273323,1.05570893176465,1.1105541072146,1.19547126061932,1.22788718586219
"273",274,281,1.19298436266009,0.0815971281800894,1.0364581361971,1.06257863816172,1.136440256007,1.19041095839296,1.24555460179532,1.33388606301852,1.36205885925132
"274",275,282,1.36293473236308,0.0889615256181819,1.19567583845105,1.21893344339469,1.30051936888653,1.36253345574233,1.42234771108291,1.51269914300714,1.54406945589898
"275",276,283,1.48801297737443,0.0991713730436369,1.30460470076695,1.32785757527841,1.4185991769141,1.48421379178906,1.55580639714608,1.65707054405223,1.68486413694173
"276",277,284,1.52128209596168,0.106239353926333,1.32431751518188,1.35711902248693,1.44480704757969,1.51659036825565,1.59114586583752,1.70343337451476,1.73768037330783
"277",278,285,1.38846576410771,0.105396835650256,1.20164371188494,1.22778955543756,1.31384403103455,1.38251281876765,1.45854234875165,1.57116797054085,1.60685024530467
"278",279,286,1.47236722268865,0.10325185086273,1.28589906554026,1.30990334961004,1.40120875132491,1.46690597049688,1.53748059431916,1.64639851388419,1.68936386089611
"279",280,287,1.3703002320277,0.0915557735540889,1.19781751818414,1.22732875245148,1.30524957355015,1.36674601905915,1.43132839605734,1.5251585823663,1.55847134499395
"280",281,288,1.13654459513411,0.0760448666401141,0.994198133368261,1.01581378171334,1.08587154226788,1.13343571871865,1.18578105810298,1.26362994761197,1.29332944709688
"281",282,289,1.14125833975009,0.0706309810231328,1.01147348837963,1.03031889694024,1.09222488249871,1.14061818625676,1.18839307885197,1.26062491392048,1.2840467908702
"282",283,290,1.07589819946379,0.0636364722773964,0.95492646200278,0.973813516229512,1.03302359395712,1.07556655422948,1.11842179581008,1.18103895637309,1.2001305230379
"283",284,291,1.02050211006219,0.0596236871200816,0.908633803602553,0.92816097709046,0.979899827210068,1.02016987997903,1.05825031518557,1.12152560764137,1.14533384442354
"284",285,292,0.917504859033143,0.0544299148926886,0.810717437755796,0.828932113281781,0.880559649009797,0.915276734748263,0.954229838570021,1.00943563140025,1.0262148034789
"285",286,293,0.964918787241412,0.0575006350511091,0.856740274990443,0.871954603133329,0.924222076829274,0.963849201443906,1.00499604838763,1.06132074588407,1.07779533530929
"286",287,294,0.899745124828029,0.0566915475650733,0.789650827943816,0.807058507505128,0.860103073339566,0.899482823415384,0.937533092974382,0.994878935948743,1.00978164129535
"287",288,295,0.894854750242094,0.0550100507079643,0.790988275423847,0.804573663017941,0.857821601754695,0.893639000801866,0.931712538671983,0.987398034033438,1.00501877403354
"288",289,296,0.906362122284228,0.055867382606295,0.800512266677433,0.819142880964918,0.86773099017378,0.904221497425877,0.942981403463585,1.00155173777565,1.01893125193465
"289",290,297,0.964621195585052,0.0604213653817742,0.852852682629644,0.869178388281971,0.921660853884357,0.963002132892535,1.00522509130013,1.06782493224842,1.08504616643627
"290",291,298,0.943782737664849,0.0575833462284324,0.835722131762749,0.85187416516232,0.904224515837818,0.942351272280943,0.981142397250938,1.03927206608181,1.06380177458279
"291",292,299,0.854951638473044,0.0556720482082977,0.749817020156627,0.767303917364307,0.816365613456282,0.853727688499255,0.892714853771355,0.946874728685851,0.965009830801129
"292",293,300,0.932449935849126,0.0603762159524713,0.823913777143547,0.837308048594487,0.890856642794184,0.92926731631477,0.972769781463033,1.03387329618337,1.05660265979644
"293",294,301,1.00699696167079,0.0622233294687557,0.893961390603199,0.908448045256168,0.96318793697863,1.00461320771778,1.04877355902129,1.11392532261317,1.13283376840623
"294",295,302,1.10492132826431,0.0643356120958522,0.987700253325131,1.00142168845321,1.06090971014898,1.10237977603931,1.1475951644757,1.2177184830906,1.23935258548767
"295",296,303,1.1227775878005,0.0655130753178371,0.995288146711208,1.0191864187971,1.07791282502728,1.12038261406215,1.16445596605738,1.23730892155193,1.2560689339061
"296",297,304,1.24107179783483,0.0702972988424108,1.10596807145398,1.12485544120009,1.19211648565127,1.23963486577904,1.2882729413443,1.36064061931884,1.38192621215749
"297",298,305,1.06854217018111,0.064762855874564,0.943761926276819,0.965182102484766,1.02486485530462,1.06660762196637,1.11153681325664,1.17675809869487,1.20207960376384
"298",299,306,0.945004535048246,0.0585091903153447,0.831606254891788,0.854297741859267,0.905500213025958,0.943213638454236,0.983317519680289,1.04341873364338,1.06620241065655
"299",300,307,1.03405562179347,0.05959122858768,0.919322446635275,0.938459045637843,0.992758376520121,1.03258062442509,1.07341880694157,1.13402644873066,1.15867456064891
"300",301,308,1.02702768758573,0.0606807074906033,0.907685856469369,0.924609860738141,0.985894647444505,1.02700642092586,1.06618362675118,1.12667075172371,1.14329145359047
"301",302,309,0.974371787476029,0.0573852059833265,0.86588962812103,0.881645781332464,0.935564701310401,0.973271426725447,1.01117122061978,1.0709455682843,1.09342300948448
"302",303,310,0.955929998520867,0.0565075487377975,0.848955340681199,0.866899698171479,0.917220530232628,0.954570549140651,0.992662791283319,1.05216511082035,1.07268807484708
"303",304,311,0.904217232199814,0.0564071569970204,0.797934957031585,0.814805007834069,0.864684916307113,0.902437706511516,0.943100449311756,0.998460385341029,1.01438364498108
"304",305,312,0.79791245501584,0.0535786781285435,0.697348384675171,0.711921470418617,0.759990699113873,0.796179888168042,0.835163874006847,0.886260331311048,0.902380349594734
"305",306,313,0.766954678400053,0.0531701608488329,0.667415109269024,0.68353532364797,0.73107330062027,0.764667697752785,0.801377092044211,0.855338868707675,0.876372326181919
"306",307,314,0.828352378481108,0.0579663138203567,0.721127367622191,0.736233026134143,0.787979251781255,0.825260697038911,0.866796755536041,0.926716151156873,0.945227597825583
"307",308,315,0.788981754851705,0.0588651909122852,0.679194045299254,0.694725320915368,0.749007669368429,0.787203830538629,0.827900691902392,0.88830639135642,0.905371353776869
"308",309,316,0.763450161535908,0.056918399394059,0.651632707567878,0.670350263677425,0.725392183572314,0.762499330721508,0.80129079922735,0.856627898642355,0.877851329830698
"309",310,317,0.790587606003026,0.0595050973470027,0.676744149714721,0.6936168972339,0.750297896523641,0.790648262831662,0.8278973475189,0.888157716746042,0.911962623263641
"310",311,318,0.73425300571488,0.058213187123029,0.622319420898304,0.641348194322373,0.694314171883921,0.733006963789656,0.772015533435295,0.833210891835988,0.852444267138307
"311",312,319,0.77431943720961,0.061854750637752,0.654754473172122,0.676536254682843,0.732467647766927,0.773111728765544,0.81423624791463,0.877271777600355,0.89872253572888
"312",313,320,0.69896319251987,0.0606817992449823,0.581708250153259,0.59840168080726,0.658122437512007,0.699222012076065,0.739542239514884,0.79978786708026,0.818241462997769
"313",314,321,0.826611429654606,0.0678627362167259,0.699769466652106,0.717550990354384,0.780166011087297,0.824032112602094,0.872470817328262,0.943273373067839,0.965594297873243
"314",315,322,0.976718337052109,0.0748695311880009,0.840692470425778,0.859649822253965,0.925068510813098,0.971945852223225,1.02606855702594,1.1032247571329,1.13251329442423
"315",316,323,0.921366317886667,0.0718435899337324,0.786161675777922,0.807531103467555,0.872920513232599,0.919535621839121,0.970207322333954,1.04019378483037,1.06651346365591
"316",317,324,0.978286702531943,0.0753605058822245,0.835461044884684,0.856511405912616,0.927723653415179,0.976422471350525,1.0274835725066,1.1058754903126,1.12985780432696
"317",318,325,1.52208633496889,0.0910352226921709,1.34526619128076,1.37445263622256,1.46162343856088,1.51941569023906,1.5846610786629,1.66892868295309,1.70426459127328
"318",319,326,1.42084765454075,0.0939162330563953,1.23748785276324,1.26749940082079,1.35751285330888,1.41799611831261,1.48094717884742,1.57506175692251,1.61119574173812
"319",320,327,1.24105185730887,0.0944965736739998,1.06707608075477,1.08914422755497,1.17786735986849,1.23677279288495,1.30113929541378,1.4051905711716,1.4388849214523
"320",321,328,1.33020930771907,0.0939797284178983,1.15422241188457,1.18197158692515,1.26515490164934,1.32813980198438,1.38881319098357,1.49149064853853,1.52467146920387
"321",322,329,1.25397335797672,0.0868401123352985,1.09237971990699,1.11977188169669,1.19265078196181,1.25388181908451,1.30961229858941,1.39927361681427,1.43125100412831
"322",323,330,1.19084888228374,0.0797428446585289,1.04179837530733,1.06499534022291,1.13815937823562,1.18779728118095,1.24235065816266,1.32740103428435,1.35176435797862
"323",324,331,1.19009450787711,0.0741857996487583,1.04791744594497,1.07055401271882,1.14055034532533,1.18757863492751,1.23904750687409,1.31574337615993,1.33581350027143
"324",325,332,1.48772762551961,0.0817309969900299,1.33529193955208,1.35536354456153,1.4313958980183,1.48848512246408,1.54034948986481,1.62763301742118,1.65911002277247
"325",326,333,1.12117573687327,0.07252371747606,0.982641330151629,1.00434976758449,1.07226542988978,1.11994378411352,1.16932332498605,1.24534335298622,1.26715354959298
"326",327,334,1.01831460222471,0.0657848631992489,0.89597353700107,0.912680002808793,0.973006443913264,1.01737538143059,1.06137547787386,1.12768210667321,1.15137852980867
"327",328,335,1.05188670356123,0.062986243294073,0.934808609374205,0.952435913324458,1.00842482910787,1.04961906347582,1.09315878838819,1.15958681257354,1.18218936013485
"328",329,336,0.965918960039125,0.0593336941146088,0.853713437443932,0.870628087376191,0.92554867505426,0.964221288219368,1.00702186680002,1.06244033715482,1.08205575752901
"329",330,337,0.921113413769372,0.0572745275128238,0.810955838223973,0.827619960445656,0.882109322882035,0.920212208470242,0.960855377362089,1.01568894356185,1.03656935594433
"330",331,338,0.853928560564506,0.0552485911292073,0.74538177054873,0.764092239396462,0.816248342891323,0.854045267153381,0.890237432365572,0.946173696704511,0.96172776865332
"331",332,339,0.83259828564405,0.0559922300918407,0.723670903943124,0.741716782176019,0.793786377611518,0.830898212001438,0.86885318821041,0.927701260600615,0.94709386980313
"332",333,340,0.456456465889504,0.0423743113900231,0.376661083301212,0.387677667782322,0.427483374010273,0.455014012864678,0.484486359382374,0.526657811417995,0.54173747746337
"333",334,341,0.303118687140714,0.0353598497123346,0.237992627975966,0.249391735391718,0.278592887766736,0.300817763029299,0.32647749451427,0.364713494311878,0.376188975267914
"334",335,342,0.408282150310068,0.0495712465228539,0.319947751452631,0.33095077461844,0.373672497697505,0.405323704850618,0.440995035205684,0.493669639688269,0.513445684980351
"335",336,343,0.433288391427037,0.0582707591226246,0.332136473545147,0.346757033566617,0.391610454755895,0.429142127697541,0.470526775165597,0.53768246627247,0.55852412803109
"336",337,344,0.497590807145893,0.0638923760433078,0.384458331841887,0.400922885335704,0.4509549938324,0.495427579786373,0.536966763121813,0.610181172830166,0.636402829223992
"337",338,345,0.575499069425819,0.0726682854704474,0.447989069135545,0.465233870103854,0.523694538715638,0.571077331888442,0.62247682775656,0.701403554925388,0.7315852999938
"338",339,346,0.595546462993917,0.0752171291441971,0.461985586811423,0.481375517042407,0.544046491279899,0.591007146463863,0.642902138547513,0.728394077653077,0.754426199721627
"339",340,347,0.612717236715917,0.0763716239474785,0.478158475191677,0.49472823108991,0.558458518606388,0.607762161723208,0.662914715738691,0.745161889893685,0.767655369748917
"340",341,348,0.604295906051505,0.076245727504927,0.46730338971404,0.485130752081062,0.553057763715142,0.601558181779989,0.651944353880815,0.736039441708028,0.767833463155996
"341",342,349,0.716094946758076,0.0869107439152246,0.559866000390146,0.579653544411653,0.654077804712487,0.711054363256358,0.774042091774429,0.867476112264152,0.898174531764715
"342",343,350,0.686003277155225,0.0884665399455222,0.529502671136977,0.550770467994102,0.624537937700134,0.681824686774459,0.742062938412459,0.839890209802985,0.876517817958949
"343",344,351,0.668380143577906,0.0892938093492824,0.509347595330057,0.530934950177484,0.605449714486604,0.663204172865826,0.723931433907869,0.823425927080212,0.858658365132654
"344",345,352,0.700965871041985,0.0939703553440959,0.531467348093935,0.55747399571275,0.63509132451061,0.6956092507526,0.762517377277244,0.858640571112949,0.894646444672172
"345",346,353,0.640240864000455,0.0931073341245721,0.471504071965625,0.494048797938179,0.576130531475567,0.636367094014758,0.699442089685998,0.803275773292232,0.836904794595938
"346",347,354,0.737124769272294,0.100332261474561,0.556921015102374,0.578858742528037,0.666494406220605,0.732834965601919,0.801771176604183,0.911197523327615,0.952239392297237
"347",348,355,0.732827364352568,0.102038023875631,0.539549350553369,0.56709538276569,0.660587661497715,0.729320423193763,0.801394983699826,0.908057997805776,0.944329298398471
"348",349,356,0.973170948508355,0.12394050213472,0.751980074657869,0.781768645761241,0.887058364871453,0.9677840410636,1.05318913371462,1.1892308967584,1.23717065678006
"349",350,357,0.986719398353041,0.128487306481176,0.753506719388185,0.792123982234504,0.896540868116613,0.978494538233634,1.06967613495417,1.20651463712326,1.25097974910259
"350",351,358,0.963095012997579,0.127233903896336,0.731234530922692,0.761821805727773,0.875232558820734,0.956092809388814,1.0471645864508,1.17489654919638,1.22517226481727
"351",352,359,0.87110465788644,0.11856154493155,0.654461834779269,0.689895279028315,0.787230187012402,0.865196199218723,0.949541262511324,1.07651787858904,1.11796554445365
"352",353,360,0.751361480053235,0.111962357164175,0.54881070688386,0.57849495800983,0.673966374161735,0.744918528785966,0.824657605650468,0.946771809725142,0.989792960462937
"353",354,361,0.743338645439311,0.112939032222367,0.546177806722861,0.572838918230489,0.662616246480709,0.736499876440314,0.818681388445556,0.938417312683935,0.981035663903999
"354",355,362,0.634653133488898,0.105898134423572,0.444235691686839,0.475290351725112,0.562018441192494,0.62668849445533,0.702971166529183,0.816845651350169,0.864634940751314
"355",356,363,0.782186503331467,0.123836928658431,0.55269900629783,0.58940975416805,0.695602833570958,0.776117836209483,0.858835203376081,1.00320722182885,1.0383689180333
"356",357,364,0.573526269599521,0.10815506603957,0.385119942173226,0.407053057277398,0.498107110448644,0.567573573943279,0.64383998166578,0.763239457115901,0.806542046410057
"357",358,365,0.611761779302978,0.114388763582184,0.406072347775415,0.435268642657694,0.529892082484247,0.607715061861246,0.682895257652813,0.815071154575398,0.854801444550855
"358",359,366,0.565600195609632,0.116942455118209,0.364290543506225,0.387393992804328,0.479515490892049,0.558363937195424,0.640265448986132,0.777243353733997,0.813308900643678
"359",360,367,0.666282048178258,0.133860954849164,0.434233731057878,0.460744548817339,0.573697754669265,0.659354834729622,0.750794162678226,0.895827922872312,0.942400499335945
"360",361,368,0.64674569922627,0.136847349481608,0.416432376512125,0.440471640916109,0.549664097961823,0.63531869551122,0.732319456904553,0.891302837446192,0.934359308836618
"361",362,369,0.63842957273397,0.142915521579272,0.392431264191075,0.422234111327283,0.539533742390531,0.627283380752513,0.72836158746226,0.883762847857995,0.944984579392702
"362",363,370,0.821541574168395,0.165054671705938,0.530886259240464,0.564076958678168,0.70621802055059,0.810514679794937,0.925544126867071,1.10940646699278,1.17572490901664
"363",364,371,0.740470831640473,0.157446230977088,0.466332607853768,0.503674673806942,0.63009656084548,0.729488247150931,0.836306585316692,1.01661479095714,1.07362181719347
"364",365,372,0.935673320591522,0.185779134007063,0.60477189999905,0.649106111929847,0.802771751317317,0.924875054992007,1.05728695584745,1.2503853446058,1.31641792195233
"365",366,373,0.863559376164512,0.18609938453049,0.545519816803325,0.585442407646942,0.72849963973746,0.846241380437801,0.981590357006718,1.18843348669728,1.27191896406414
"366",367,374,0.975299158379124,0.198376341083077,0.641076590547871,0.681771015463343,0.834863369355276,0.957820297569002,1.10136533990624,1.31933138052575,1.41404811568456
"367",368,375,0.958208732034479,0.195094761928873,0.60477357457368,0.657177315702687,0.821612267992998,0.945368332694963,1.07710027197399,1.29701506889334,1.38226335065866
"368",369,376,0.892410016175793,0.191866110662488,0.560499350380185,0.609087321842004,0.758102758011916,0.875795166283869,1.0116853697958,1.22449674469652,1.31851885187467
"369",370,377,0.875513469101649,0.193222551159622,0.542553281662655,0.584948791438932,0.733819846424606,0.862946743084079,0.996553522202618,1.21864489198025,1.2952727290969
"370",371,378,0.727098025258346,0.175445346695087,0.421891706279333,0.466504720840086,0.601690708687335,0.714430101351392,0.8356540737238,1.03109127628975,1.11326620823367
"371",372,379,0.752876725087633,0.184830645295365,0.429075222695383,0.475362706199407,0.620316590360335,0.738560259721017,0.869986491410399,1.073081485846,1.13320298933004
"372",373,380,0.692721904902951,0.182662059043753,0.387208367446693,0.422796198353419,0.559715156617998,0.677905390151813,0.806179474697204,1.00353361924699,1.08129822989932
"373",374,381,0.630331456419153,0.17810339216256,0.329260372170729,0.365310872946976,0.506413081177276,0.61414782375958,0.73733969890403,0.949202604574694,1.02984003171165
"374",375,382,0.629837623043545,0.184488220035339,0.321069249368015,0.358157141070176,0.498085500115105,0.611959033542756,0.742654144222388,0.952544164748311,1.03230886437155
"375",376,383,0.565824554139282,0.178687842725964,0.267091396275877,0.305508155117642,0.437398631824061,0.550277598981342,0.674627562249204,0.885960622948747,0.968822545936604
"376",377,384,0.813681006785748,0.235946251612195,0.416785811436872,0.469332171097728,0.647375975350618,0.793317421089731,0.964177237346092,1.23568899773208,1.33466010343219
"377",378,385,0.883521705286836,0.248380145177042,0.478376145892259,0.523725382896587,0.711224512215859,0.852792687358448,1.03395066067158,1.33715687161903,1.44394797601486
"378",379,386,1.24095625484046,0.308782759418039,0.721858200842277,0.778297669796276,1.0223344680005,1.21383405516493,1.43526860432899,1.77955728185894,1.90025303386508
"379",380,387,1.19890248761517,0.300742694193773,0.684478767567436,0.756834774285372,0.979627630796309,1.16953423075967,1.38038028966093,1.73688176136136,1.85308815542303
"380",381,388,1.02726469263438,0.276055422185768,0.558037678599389,0.615343635514108,0.826981318778419,1.00495768732881,1.20401312855438,1.51916183094795,1.63568208826445
"381",382,389,1.32468356155611,0.312498565129742,0.793762349149483,0.862461669776592,1.10298631183147,1.29252869943259,1.52336496803637,1.88797785098841,2.00403187483929
"382",383,390,1.16941107734721,0.295452426171468,0.663258234685349,0.732621104205656,0.957822292807563,1.14610402285663,1.34183949970643,1.70993103883025,1.81918337959638
"383",384,391,1.13026704802009,0.283127552222333,0.648674456831465,0.720457915771038,0.931576265091882,1.10711251442309,1.29925054845725,1.6389050425307,1.77803873280662
"384",385,392,0.90737734627409,0.258996191527553,0.473434672243432,0.524768100177714,0.728195000321128,0.880242624806969,1.05617072239538,1.36844729983239,1.46794073494957
"385",386,393,0.97546673973947,0.267090275675711,0.517292748066278,0.580423874549421,0.781555734591851,0.950706898776917,1.13890993442831,1.44980668877001,1.57115135415349
"386",387,394,0.769967500465404,0.236154035048422,0.392047748172778,0.435165518241414,0.602761244309828,0.744991785039975,0.909498848537366,1.19482416027787,1.32162501807201
"387",388,395,0.863864558792904,0.247691898156161,0.449106467919025,0.498297151518673,0.683181254677249,0.840844247523736,1.02161817929892,1.31201829487599,1.40767085944512
"388",389,396,1.4421231681229,0.331184801943886,0.852553100246307,0.935219245606396,1.21281859585824,1.41526973862804,1.63949354101322,2.03193700579607,2.16225124711395
"389",390,397,1.14236165201731,0.295406969855381,0.632707301606968,0.708563955154053,0.931740147600005,1.11461380708483,1.3308860882574,1.66320096796556,1.76134920079739
"390",391,398,1.28396658634279,0.309551416843105,0.748457919484227,0.811762871522574,1.06098834227942,1.26069208643729,1.48637045734433,1.82831146643612,1.95463286915333
"391",392,399,1.48575195419733,0.34121242944142,0.888693293393076,0.966262832725903,1.25007299563415,1.46267773230076,1.69313533052681,2.09132893219322,2.22292749734005
"392",393,400,1.7179741819348,0.353410839382142,1.10280090034745,1.18622057583297,1.46655345151334,1.69008950895344,1.94319813560956,2.34615862518522,2.4818530986782
"393",394,401,1.73207829386671,0.345033758272943,1.10446891683386,1.20018694866041,1.49202258529694,1.71468256743993,1.94655702711331,2.34367562750273,2.475968999926
"394",395,402,2.0872163156147,0.371046199536078,1.43300491223737,1.53261338399759,1.82975704424394,2.05453991390777,2.32603385795371,2.74910433154645,2.88690044826881
"395",396,403,2.13681342964572,0.370357526268138,1.46743044374093,1.56464188737505,1.87197089008042,2.12657519971971,2.37029207362523,2.77404867538048,2.9349827465316
"396",397,404,1.46800540409226,0.282774319898422,0.990040849611473,1.0452291861714,1.26576584521255,1.44762680675854,1.64410296796332,1.97176177175883,2.09086731759322
"397",398,405,1.34256539596833,0.257020883721279,0.892860861613381,0.952593928734855,1.16576389893469,1.32321627021596,1.50119501971838,1.79104968702843,1.89129349123798
"398",399,406,1.27787582931177,0.224037541584349,0.879982966689833,0.93621635300086,1.1149974064218,1.26354049697288,1.42151224198012,1.66936224068722,1.75843617188667
"399",400,407,1.13749140740171,0.206447115047042,0.766013076137645,0.823559257429003,0.98978132515714,1.12667666237327,1.26877032804196,1.49962170302951,1.57743970683557
"400",401,408,1.09304750830002,0.202003964922079,0.73196529559273,0.779304020514403,0.951115625695285,1.08081870103106,1.21987409003386,1.45914094404661,1.5231279881416
"401",402,409,0.999227137798393,0.190049591240776,0.65470607156105,0.703938769141964,0.864207771755422,0.995149939099082,1.1251638226929,1.32877271964443,1.39246794479315
"402",403,410,0.650749292033479,0.15153190442634,0.3883543972228,0.428837467712978,0.541233225670416,0.63675868172313,0.743134101557544,0.918609846460782,0.995192341394555
"403",404,411,0.409064348129312,0.117794685742765,0.211368760066127,0.235363382635857,0.324835110257832,0.39879242113356,0.479570446304143,0.620673088871519,0.666601658573111
"404",405,412,0.702137943028367,0.166382477660202,0.421340241423356,0.460154338828178,0.5829795733214,0.684423437660439,0.804552096149458,1.00866011252432,1.07659479348092
"405",406,413,0.858190214546366,0.196102285392229,0.523029381529869,0.578865896103601,0.723669333285272,0.838932109556465,0.976575676807153,1.20538330906697,1.29209138700314
"406",407,414,0.86535656151886,0.203178067454546,0.513534293412905,0.563013012320148,0.721351985458281,0.849310659311562,0.994973854423859,1.22888983584806,1.30627539338385
"407",408,415,1.001864573483,0.215379250848828,0.62882779647207,0.681394540999717,0.847351516922306,0.982820740240835,1.13897694254574,1.38109337506642,1.45455388660157
"408",409,416,1.09254867766613,0.22906930490614,0.691810866775839,0.749907429526681,0.932980089077872,1.07054996334961,1.23580455382277,1.49407416132571,1.58439552943598
"409",410,417,1.15142749546505,0.240983171773867,0.73455626526122,0.790939767030742,0.982966947411761,1.12977629776975,1.30134822263032,1.57124257335879,1.6548470777267
"410",411,418,1.15297219501389,0.234194722458275,0.738644546453956,0.796367492294814,0.990082380304301,1.13895671484189,1.29885388620426,1.55813900695227,1.65570110142372
"411",412,419,1.2336989291559,0.241712474397213,0.813354287936148,0.864481209165146,1.05783048588634,1.21658523339604,1.39238825470028,1.65918428485399,1.74830403866907
"412",413,420,0.978127922297195,0.2182957581754,0.596066325448003,0.654454926574256,0.824961568354088,0.959500180073602,1.11652875558102,1.35774869575612,1.45658153394487
"413",414,421,0.910636378303192,0.208648630680576,0.547823735124541,0.600836690739425,0.762917699692722,0.892150400007106,1.03822874793023,1.2837669807356,1.3746396647223
"414",415,422,0.961428301338834,0.212422970513889,0.604252533358354,0.648906583114851,0.810528957830538,0.942008576150319,1.09455369360142,1.3332598807386,1.42472256641155
"415",416,423,1.3620530720866,0.25662181360563,0.914963006301533,0.976636045210564,1.17851638299523,1.34370535314964,1.52596121137873,1.80045252901539,1.90324712107073
"416",417,424,1.16752258186136,0.235275890056304,0.748491817111193,0.80853455500818,1.00378691303239,1.15096073729678,1.31257374557516,1.57778054703458,1.67069828524561
"417",418,425,1.03551429356045,0.213849895291992,0.646951372040154,0.706282718731966,0.885302047356761,1.02110113989815,1.17493816108624,1.40295612884302,1.4914502264813
"418",419,426,1.29622841438252,0.244225253754684,0.854689086527687,0.911302735519841,1.12399950320443,1.28556051017134,1.45118505869182,1.71988925371649,1.80953673368215
"419",420,427,1.27076775336839,0.237924521485335,0.843798421230472,0.899454225194624,1.09912694725311,1.25923890314266,1.42788959898816,1.69226030982284,1.760242723465
"420",421,428,1.40056244140832,0.243929825445885,0.970383619802261,1.03199254151641,1.22752099741234,1.38064766100894,1.55890899165554,1.82482500676134,1.93527873387105
"421",422,429,1.43424891828001,0.244438525094747,1.00700161672939,1.06297192924883,1.26175070051661,1.41257234276033,1.58623865309328,1.86105666254181,1.95190898164214
"422",423,430,1.47103641608478,0.245907854046484,1.03478730065698,1.09226288165806,1.30019011183259,1.45833920821948,1.6260946784762,1.90220861582767,1.99400278831216
"423",424,431,1.19582342820124,0.215073126811684,0.814093642487145,0.871093798668159,1.04595111422822,1.18478930762254,1.330373527591,1.57188987286398,1.64601886244776
"424",425,432,1.30093789249877,0.217555626841874,0.905273767318754,0.970611830064249,1.14825134733536,1.28582114158976,1.44155231662339,1.66960239995705,1.75736401222129
"425",426,433,2.01412969236237,0.265107247052062,1.52013843386557,1.59613911343697,1.83274983371025,2.00271975647315,2.18580648232238,2.46965817272694,2.55241441989221
"426",427,434,2.64081051365385,0.307226525872245,2.06122936242791,2.15811183849922,2.42712749944855,2.63065652835158,2.84589250818861,3.17442400744721,3.28522084314518
"427",428,435,2.38700908987854,0.314778008808874,1.81098737074997,1.8900339561666,2.17251667955243,2.37477833257968,2.59116982030239,2.91781302007831,3.03160121750149
"428",429,436,1.98370540908548,0.282170633173679,1.48257911644643,1.55219196806972,1.78420246211786,1.96469268354957,2.16492267174338,2.4766301699988,2.58699454108672
"429",430,437,2.00762830616038,0.261641209723779,1.55755729984229,1.60841410731914,1.82577216942024,1.99302552404357,2.16127835160961,2.47361409515904,2.57110824514312
"430",431,438,2.508148706292,0.272694624704379,2.02833334654963,2.08735800777596,2.30857182609682,2.49830396683595,2.68301984197107,2.97425686747304,3.07796818417675
"431",432,439,2.12251812056751,0.24248697170111,1.68706274445553,1.74708231774142,1.95462187347391,2.11237488267111,2.28630677467968,2.53766346619649,2.60675973747562
"432",433,440,1.99680740681446,0.22760595106908,1.5813198932115,1.65079434404332,1.83150847124203,1.98764428495567,2.15061270376773,2.39361178456904,2.48251122008476
"433",434,441,1.69752139508882,0.18200668372229,1.37364251599879,1.41511175791548,1.57158319211337,1.68899584918382,1.80962495742876,2.01997819477918,2.09160348687188
"434",435,442,1.56769667603187,0.155309552868923,1.2837864617576,1.32297784640135,1.46026542504998,1.56244465999285,1.66777971410696,1.83237527058676,1.90326257341304
"435",436,443,1.54069110114408,0.132092151499144,1.29644523078052,1.33402861809197,1.44775909711486,1.53325581808965,1.62990189350395,1.76741853883588,1.80994032406585
"436",437,444,1.86957448993985,0.139896948388745,1.60503773706199,1.6453171932239,1.77350688174882,1.86541623491403,1.95931994636577,2.11095602808148,2.15528614773596
"437",438,445,2.23229830516466,0.158776962795177,1.93686821377145,1.97628232112025,2.12109211122616,2.22988271730411,2.33824370022499,2.49624562573597,2.55027358630441
"438",439,446,1.70026445965864,0.148050430713478,1.42805409045226,1.46410304717568,1.59817395014612,1.69566099510838,1.79780724752398,1.95723571889892,2.0032161737766
"439",440,447,1.89706053010829,0.158247023041172,1.61035736669474,1.64294038002618,1.78528881289062,1.89356341615184,2.0052225938,2.16729203750864,2.21935001325063
"440",441,448,1.78663975962543,0.141279007251028,1.52014680168194,1.56134028717847,1.68876172981864,1.78124075069457,1.87520326267106,2.02732598606093,2.07989365256428
"441",442,449,1.97448950583596,0.144426085860613,1.7108962652563,1.74418883903706,1.87553336652111,1.96720479126632,2.07096098576498,2.22847223032512,2.2689690388992
"442",443,450,1.83094287024605,0.137301896842487,1.57796577015163,1.61211584205366,1.73397038486039,1.8274036228385,1.92163416395894,2.06506880076496,2.11149233942205
"443",444,451,1.90100695263071,0.143222739166094,1.63422289317845,1.67201250215082,1.80200517248571,1.89762557771077,1.99362266885319,2.15059156490664,2.20555321381142
"444",445,452,1.87389952732223,0.133454638837459,1.63529592742934,1.66068255155347,1.77833135531245,1.87011086379225,1.96235899031768,2.10609394491981,2.14559399476297
"445",446,453,1.46040316636974,0.108962493929915,1.25937131650454,1.28674260637496,1.38341058029823,1.45616687389088,1.53089033664241,1.65410422396752,1.68412661280303
"446",447,454,1.48786865664147,0.0949233139660017,1.31894792967,1.34148717762081,1.41885627192477,1.48281578958868,1.55156094760075,1.65740345476858,1.68787950918488
"447",448,455,1.48156541071018,0.0785237705555142,1.33246583018062,1.3569116079228,1.42829035326487,1.47839801180624,1.53198333838861,1.61571146238787,1.64070421025234
"448",449,456,1.57673779450363,0.0763304199727906,1.4334896039201,1.45247183698354,1.52234861825121,1.57536326497818,1.62941478952479,1.70535301894213,1.73178016761751
"449",450,457,1.58629357831783,0.0760795347960731,1.4370229795727,1.46286085727219,1.53511001245992,1.58590973013087,1.63763753107751,1.71448718151763,1.73147853155259
"450",451,458,1.73681362699017,0.0880426755396946,1.56936140655892,1.59328737978384,1.67339287655438,1.73535093938609,1.79808973094619,1.88276471534437,1.91079486417688
"451",452,459,1.72436989497601,0.0927720724196052,1.54476306783455,1.56837998015877,1.66261067778142,1.72557733675117,1.78713781855639,1.8806064034403,1.90255536972599
"452",453,460,1.40482614984243,0.0835312800661942,1.24849504052744,1.26832735313968,1.34477957921024,1.40353368242356,1.46248047234962,1.54605734485846,1.5706362035449
"453",454,461,1.50524709685903,0.078886899655568,1.36099712598654,1.3790587865832,1.45193206547661,1.50188799979051,1.55835485720377,1.64174513226183,1.66731393220979
"454",455,462,1.51934139540741,0.0710315365409964,1.38936999604218,1.40493560850558,1.46948083976906,1.51712291213068,1.56738442516608,1.63959230383586,1.66116249447887
"455",456,463,1.50839448779223,0.067919431683376,1.38127032986547,1.39686109256027,1.46028605843393,1.50834282225556,1.55536459849527,1.62210068022328,1.64140164108866
"456",457,464,1.47522888648618,0.0656046414841262,1.34853342799403,1.36611515186781,1.42935063065145,1.47512787272595,1.52060717083241,1.58637953938243,1.60361150990823
"457",458,465,1.36077402396562,0.0595943077862268,1.24863267275326,1.26248002187996,1.32134450201157,1.35999306093792,1.39985312570023,1.46229996124406,1.48213639245087
"458",459,466,1.24259486008948,0.0507498745535465,1.14520074915908,1.15904294713934,1.20763865627036,1.24229975751969,1.27621402862328,1.32954657143227,1.34363970415971
"459",460,467,1.04430769960119,0.038425100385555,0.971422654747225,0.981898928916882,1.01778665434892,1.04276978747321,1.07078995684638,1.10809898089089,1.12085297061004
"460",461,468,1.15166976540324,0.0349339319995098,1.0866661082352,1.09635000514212,1.127300575413,1.15025082075707,1.17430214270996,1.21024812925388,1.22298221392694
"461",462,469,1.12329894900511,0.0317940004649334,1.062857898684,1.07099800779598,1.10165401280608,1.12270209306481,1.14433808626059,1.17582332773689,1.18694287955527
"462",463,470,1.10295410249159,0.0298487049219036,1.04514363466094,1.05427003498337,1.08346743156032,1.1021387582075,1.12250686899809,1.15273108395182,1.16461437818656
"463",464,471,1.05926553208909,0.0284523118742395,1.00449555190267,1.01379810588073,1.039168374522,1.05824368660821,1.0786729387389,1.10702705350564,1.11741499549492
"464",465,472,1.00922713766237,0.0260879126547302,0.958020503861159,0.967743784409118,0.991473418421711,1.00924045889491,1.02693018190025,1.05213239004833,1.05964733879312
"465",466,473,1.08512379708336,0.0269009183332069,1.03452887982307,1.04220060125669,1.06664794861349,1.08499922317867,1.10384309432979,1.12943036764317,1.13778420077365
"466",467,474,0.980207476855344,0.0251447494637685,0.931253327671357,0.93837528967802,0.963305118707151,0.979811020845216,0.997284068736745,1.02308831147829,1.03057206181208
"467",468,475,1.07171980665826,0.0258092074167417,1.02067457868263,1.02896180241305,1.05427272707474,1.07146053668424,1.08958453268477,1.11447632887613,1.122307383707
"468",469,476,1.0825447423704,0.0256808463260126,1.03294987535963,1.04088065177616,1.06502252928364,1.08208537429452,1.09967640559993,1.12427226549995,1.13340001276953
"469",470,477,1.08364710230949,0.0266351742492286,1.03044146729085,1.03888498676011,1.0656059497919,1.08306484939608,1.10143336365997,1.12750162519199,1.13570256183494
"470",471,478,1.12047775521775,0.026691312166532,1.06963172401485,1.07783346502427,1.1019662656574,1.11998997914546,1.13807340242222,1.16547479221356,1.17490106638485
"471",472,479,1.13521639395617,0.0266860020859392,1.08364005146098,1.09238514054387,1.11742707428262,1.13474999558883,1.15255172971727,1.17916003356438,1.18863435058593
"472",473,480,1.17468609091024,0.029223951340562,1.11766463250715,1.126876064996,1.1552944463385,1.17518156579759,1.19420702049113,1.22298736646203,1.23205679024769
"473",474,481,1.014313376733,0.0269043278240753,0.962081991231833,0.971182375771036,0.995673937596994,1.0139348065451,1.03231429822729,1.05880678161983,1.06653524937458
"474",475,482,1.10707920007384,0.026914136431041,1.05633498794087,1.06432610709036,1.08829910057818,1.10672797473085,1.12501884169099,1.15176725494896,1.15975626665706
"475",476,483,1.13910377963886,0.0265810858636152,1.08861014869754,1.09606900824272,1.12082851649142,1.13943808003695,1.15755352295347,1.18205771916594,1.18953191734209
"476",477,484,1.19415863770484,0.0269166918677191,1.14214657167408,1.15155238222296,1.17591914400587,1.19335844647836,1.21211711462851,1.2399389441078,1.247036144292
"477",478,485,1.25274136849614,0.0295801404446011,1.19639561102369,1.20419039541242,1.23235126325948,1.25245162786009,1.27228857252153,1.3017614517902,1.30913972465377
"478",479,486,1.19023432152038,0.0310499446358459,1.12990274037124,1.13887393590553,1.16907267578828,1.19047484514263,1.21127217838293,1.24090843731445,1.24977179308726
"479",480,487,1.13719974559192,0.0308963247536135,1.07831471854218,1.08666789673981,1.11683922560783,1.13687352811042,1.15796288615976,1.18774343628619,1.19889410058976
"480",481,488,1.01888982498894,0.0267605159714655,0.96634887279297,0.975088029978409,0.999980445770905,1.01877449509154,1.03686106526173,1.06286235195903,1.0732294563616
"481",482,489,1.09299319755021,0.0249379158575374,1.04415113638755,1.05225278816991,1.07643073129677,1.09287949138144,1.10936288109559,1.13364541217273,1.14188881122117
"482",483,490,1.06568834181377,0.0235866018482419,1.02075591256311,1.0270562778061,1.04994151671185,1.06505796088332,1.08104060957473,1.10524427420176,1.1142134874682
"483",484,491,1.04833978379485,0.0221727073369561,1.0040785521565,1.01254566386907,1.03373450366031,1.04845709724571,1.06336213732895,1.08461846218662,1.09141122597778
"484",485,492,1.01308397246197,0.0218901133226759,0.970695573608553,0.976561159852137,0.998226872709205,1.01330758342052,1.02791391437589,1.04932335995465,1.0559013692787
"485",486,493,0.931458339662383,0.0203675199560223,0.892436113056605,0.89930717266085,0.91717294996469,0.930623493055308,0.94511392640266,0.966048063474818,0.974724896864972
"486",487,494,0.960881997571244,0.0206189384561072,0.919836643181208,0.926256141626841,0.947128163822192,0.961367150460029,0.974504905910779,0.994397491235303,1.00070863379274
"487",488,495,0.877372320728563,0.0202664531243687,0.837601216230097,0.84378316592654,0.86417785417622,0.877259977010072,0.891034929503943,0.910593873662659,0.917400875434549
"488",489,496,0.935174033651685,0.0223674696501533,0.891416427196637,0.897796231757607,0.920123791033231,0.935830621840014,0.950305444366765,0.971411345068298,0.977830240051039
"489",490,497,0.91490877740402,0.0221011638180009,0.870168658356246,0.878177021205125,0.900140230819951,0.915475906336777,0.929687753322052,0.950304887143812,0.958115295381933
"490",491,498,0.944234392996964,0.0231914148391462,0.899435607128277,0.905719435023013,0.928750867797335,0.943875179208099,0.959586984150953,0.982669324211869,0.989917317868405
"491",492,499,0.892088431137525,0.0214808253081655,0.851780169226376,0.858412578563359,0.877524353364477,0.891577834965888,0.906146031691218,0.928436643624174,0.93547116984551
"492",493,500,0.817147843262933,0.0207172005305709,0.77703146292667,0.783450306492693,0.803251387271123,0.816552548128848,0.831033628814548,0.851718709836785,0.858922295336547
"493",494,501,0.789091623412151,0.0213454124576263,0.747791154315234,0.754384396844699,0.774639602657926,0.788656188618707,0.803135298262031,0.824759022402863,0.831374263360962
"494",495,502,0.663475512175261,0.0209244678273115,0.623232579743783,0.629129708990088,0.649185603591787,0.66316209008857,0.677063234208052,0.698913787672644,0.705389509121189
"495",496,503,0.770598483895093,0.0272627629650073,0.720574324336292,0.727308037878836,0.751856367163713,0.769409781810674,0.78859276901281,0.817134925519637,0.825880048866383
"496",497,504,0.75361497121721,0.0294447519587404,0.698674675874707,0.707000754583371,0.733014926141321,0.752568891271026,0.773396966170524,0.802674128226427,0.81352116107799
"497",498,505,0.709605354376981,0.0272268478094365,0.655373658467585,0.665607171122102,0.690644890286665,0.709406423410157,0.727837173064625,0.754973547701549,0.764011127179672
"498",499,506,0.6712173740166,0.0270624895132583,0.620487244503894,0.627770958043181,0.652624058794638,0.669717462485021,0.689810762474832,0.716774778829587,0.725531457805649
"499",500,507,0.714099142711279,0.0296942155867313,0.659249889177766,0.667237649359705,0.693330159504173,0.712992220093319,0.733913258359051,0.764610393238669,0.775118385281478
"500",501,508,0.703103445023727,0.0302496828579484,0.645965289302661,0.654487147283737,0.681918568754484,0.702451195486578,0.723430468243628,0.753943312762422,0.762282179385392
"501",502,509,0.651311094136164,0.028686292061736,0.597537656017415,0.604729645844516,0.630875229692519,0.650849637191115,0.67110558832861,0.698652022187872,0.709526046823858
"502",503,510,0.769949970548371,0.0335905300785176,0.710245374361287,0.716918373757742,0.746937419725509,0.76831874782146,0.792073178129585,0.827233673299842,0.838410909616845
"503",504,511,0.75549283281152,0.0330607691241906,0.692192934343726,0.702921511220047,0.732304526512648,0.754432003077698,0.778852399779908,0.811243889937538,0.820584170665624
"504",505,512,0.747868899410995,0.0307056048014578,0.690282848935033,0.698504959193923,0.726203897147616,0.746693358724885,0.769566695770454,0.799111892946036,0.808544617273359
"505",506,513,0.823019628606532,0.0329422356945393,0.760076163934905,0.770430716017894,0.80110680851783,0.82184973723275,0.845228375836432,0.878138137003348,0.887763811728894
"506",507,514,0.831259065405826,0.0334205149549868,0.768994948699587,0.776563594909687,0.807835450275991,0.832051500531463,0.853460148713027,0.886536006520252,0.89705374982899
"507",508,515,0.881724113764855,0.0338677937233653,0.815604538099473,0.826604397043924,0.859341803137331,0.880862568833316,0.90398632475799,0.936943298023606,0.948480132678437
"508",509,516,0.895860825917677,0.0329437853027907,0.831496121447554,0.842104375016964,0.873001390952007,0.895765093772825,0.91832645775847,0.950328208903976,0.961061041927877
"509",510,517,1.03858568865385,0.0358363282683068,0.967298755922495,0.978035720304846,1.01554132199534,1.03782595268307,1.06186316934286,1.09704770622311,1.10946764059053
"510",511,518,1.14164983440742,0.0375669628630308,1.07064205151528,1.07987066347984,1.1160538989453,1.14108616451083,1.16662201919973,1.20516688485306,1.21674669429305
"511",512,519,1.1279747827473,0.0393449683955778,1.05394317108461,1.06523531637198,1.10140557486461,1.12777193277144,1.15318780640886,1.19461562072164,1.20835063410551
"512",513,520,1.12851837247638,0.0404611007176553,1.05366082596448,1.06375492988454,1.09976385700687,1.12839887025353,1.1554403138449,1.19533912342114,1.20772762402355
"513",514,521,1.15497988218701,0.0411512114896468,1.07738973802973,1.08865363970032,1.12611951266077,1.15332386621465,1.18294783338739,1.22557999536995,1.23566606954031
"514",515,522,1.17379378681989,0.0398092707012454,1.09813432121549,1.10997202141399,1.14652851331942,1.17287802782625,1.2009394387348,1.24158671196022,1.25697273503521
"515",516,523,1.0731674512023,0.0369912281304349,1.00127270339035,1.01241923120553,1.04852434713737,1.07271007393893,1.09764068996352,1.13675431884837,1.14639547889486
"516",517,524,1.14423363445423,0.0361345794900616,1.07551158668053,1.08607573793946,1.11993195602568,1.14355217348174,1.16770806218474,1.2061441153907,1.21830717845277
"517",518,525,1.14910558387959,0.0354071029771628,1.08225365978813,1.09283081411127,1.12445150370725,1.14911528057005,1.17260011286683,1.20797355144518,1.21886403990737
"518",519,526,1.12384532322896,0.0341081890420591,1.05874291756347,1.07021056988902,1.10069665564038,1.12317911583371,1.14613412427922,1.18183715510315,1.19403153999403
"519",520,527,1.13911927792061,0.0335800996198837,1.07325790528444,1.08405332143701,1.11633202164824,1.13855594426975,1.16166290000782,1.19575331751845,1.20469387585269
"520",521,528,1.18877872035957,0.0342974717144301,1.12243980984983,1.13269902382283,1.16497472851175,1.18869539830676,1.21261830179497,1.24431338754645,1.25697024932818
"521",522,529,1.12967003519958,0.0340600004229523,1.06404694226612,1.07391777576588,1.1066775381586,1.12948731810504,1.15163662170935,1.18677109804276,1.19942950678278
"522",523,530,1.02976151238526,0.0315966163073883,0.96595417656566,0.977307620769272,1.00961448987637,1.02964542546077,1.05037606158355,1.08168842915799,1.09227698292025
"523",524,531,1.11427848009738,0.0318297263650498,1.05433840134865,1.06274172183331,1.09198665300568,1.11418935949436,1.13544939515042,1.16673949141266,1.17656304374556
"524",525,532,1.0929336126223,0.0305962192692893,1.03290371359081,1.04316579052728,1.07212914988461,1.09218180330138,1.11340880281916,1.14428248761298,1.15333448035072
"525",526,533,1.04769096594555,0.0295964380792689,0.992065511777977,0.999945911921259,1.02786205373162,1.04706481904765,1.06714548133463,1.09814047894538,1.1074367373998
"526",527,534,0.979634348291456,0.0284431324819291,0.925057621065412,0.933773104636126,0.960521223541072,0.979622427627091,0.998228017604823,1.02638375231484,1.03714439218785
"527",528,535,0.962599654632343,0.0271524957464993,0.909326604051661,0.918009063513679,0.944010827755358,0.962819582495838,0.981325279455931,1.00751870762472,1.01519136431893
"528",529,536,0.931480686999583,0.0270317185497611,0.879163866712771,0.887349100292572,0.912695568348339,0.9314242948811,0.950537628571143,0.975328337387925,0.983454582100986
"529",530,537,1.02310037943888,0.0289783051203324,0.965724197492425,0.975833323529971,1.00356164141942,1.02315452668764,1.04240106389826,1.06926458772442,1.07999159509114
"530",531,538,1.07225074008187,0.0293823573720418,1.01414150886394,1.0242806959681,1.05270951201138,1.07132532886056,1.09173611863837,1.12144691185657,1.13143230805357
"531",532,539,1.08844644744959,0.0287061794813649,1.0319788380827,1.04230767619302,1.0688296274141,1.08782861530555,1.10763822464025,1.1355222726148,1.14505499102885
"532",533,540,1.17139769584169,0.0302310399116092,1.11535893753582,1.12125807121354,1.15054979350815,1.17064416631429,1.19244703709742,1.22041798889055,1.23052076330861
"533",534,541,1.24217504407764,0.0336039029085872,1.17961246110959,1.18672965721072,1.21917760110028,1.24208048033988,1.2648273076361,1.29578965209334,1.30861305267619
"534",535,542,1.26057121454621,0.0364755335129227,1.18857496336325,1.19918974560643,1.23701624816379,1.2605114093957,1.28459871048016,1.32156490362876,1.33246342857908
"535",536,543,1.33882768573876,0.0420679547296026,1.25885010204247,1.27046594006657,1.31008986826013,1.33802513912814,1.36735424763513,1.40927974331563,1.422416119915
"536",537,544,1.2978372165705,0.0437748313949184,1.2148479098122,1.22545153794482,1.26780038893824,1.29770697202671,1.32726408370923,1.37085969408162,1.38290538329787
"537",538,545,1.24491910083519,0.0441566051217553,1.15927159835954,1.17315975914686,1.21368701343211,1.24431360375888,1.27578836765805,1.31834571680745,1.33182637580925
"538",539,546,1.2430020902491,0.0402653162470276,1.16848146704635,1.17972827020799,1.21355968622262,1.24256694878641,1.27149715026586,1.30941228131303,1.32172677237736
"539",540,547,1.20570802566866,0.0373765097285131,1.13201604859599,1.14350385765584,1.18004378539687,1.20532358424706,1.2313420952407,1.26656635298623,1.27701376525727
"540",541,548,1.09482503904043,0.032147500808815,1.03347845879495,1.0425264475497,1.07325033589303,1.09448603463292,1.11670582890281,1.14740806820366,1.15859160102842
"541",542,549,1.05028270240923,0.0285029595019634,0.996146880279511,1.00456739110112,1.03089798786044,1.04952060774103,1.06888874958509,1.09943579008589,1.10846215453815
"542",543,550,1.0201686389283,0.0254396075413685,0.972400524984291,0.97939692017632,1.00270780945743,1.01961755539677,1.03724505938288,1.0623580915135,1.07093384263074
"543",544,551,0.898293815504203,0.0225545725723925,0.855637324807432,0.861930513777471,0.882707796592618,0.898299275833398,0.913084880194039,0.935761503743851,0.941895845000195
"544",545,552,0.932220832846853,0.0234939400439027,0.886665455157515,0.893689404132522,0.91636935770764,0.932772566993149,0.947972867935326,0.970229465289818,0.977765652923823
"545",546,553,0.91037297529823,0.0243044134759549,0.862127914897677,0.869795818500269,0.89384229390922,0.910436664704317,0.926810394502168,0.950040387033415,0.959114257597738
"546",547,554,0.891537293078907,0.024798896493696,0.843886603414658,0.852665399187014,0.874778490844839,0.891184084044223,0.907638319565406,0.933446847634937,0.941959701882549
"547",548,555,0.824901746539237,0.0240165199871169,0.778692148583637,0.786383726328884,0.807988795589334,0.824568288250864,0.840804362797819,0.86579666512122,0.873267155842871
"548",549,556,0.796568507054318,0.0240917341614757,0.748757818738074,0.756584807059255,0.77989296877838,0.796491237914394,0.812653858532699,0.836128443479,0.844397971235083
"549",550,557,0.751526809575528,0.0253043453371647,0.704734732672072,0.710794572856474,0.733611474106854,0.751423184519452,0.768156056330397,0.793976451729937,0.802416284569235
"550",551,558,0.685925312626707,0.0257007204362874,0.636551868919396,0.644306540461966,0.668091617897442,0.685334403271137,0.703083159905817,0.728694871202057,0.736790910459695
"551",552,559,0.71023537810983,0.028544357557805,0.656189630298448,0.664724765316584,0.690390396136511,0.709221610132072,0.729172260737985,0.758646855155671,0.768514270532645
"552",553,560,0.691804265853653,0.0297882901754709,0.635987734913014,0.643867959182672,0.671034302285081,0.690767579043791,0.711363445682737,0.741537762856878,0.751642914043986
"553",554,561,0.58282688682505,0.0272190116186387,0.530686862895162,0.538966692360628,0.564238117914008,0.582219050607971,0.60058742178757,0.627612122904404,0.636316561280911
"554",555,562,0.485263278717112,0.0258192853960239,0.437347433469523,0.443869566305504,0.46695517311836,0.484912114703351,0.502430483556523,0.53000151110789,0.538428813357892
"555",556,563,0.424543317800803,0.0264619995497527,0.376727878318177,0.382850058769159,0.405939880846812,0.423187205172692,0.441831463937101,0.471084888904701,0.479124940058342
"556",557,564,0.386268099363127,0.0285947815979896,0.336368771481259,0.342439244760981,0.366050439034261,0.384286297210762,0.404422333237489,0.437297708858154,0.446129970293394
"557",558,565,0.319806495134479,0.0268088623425423,0.270921518719976,0.278322214047196,0.30121602650727,0.318394916989926,0.337916699796208,0.36644118165016,0.374035639966902
"558",559,566,0.310175160404733,0.0292712693913159,0.26020381262326,0.265548311974143,0.289692540316216,0.308563792584394,0.329100532033979,0.363674744998481,0.372236617717582
"559",560,567,0.212246303687042,0.0237614294890692,0.169856132914658,0.175460591673532,0.195622674708858,0.211027925036978,0.227612947907562,0.253455826869825,0.26286753927653
"560",561,568,0.00266437254690502,0.00202168830223559,0.000248858840782142,0.000392210136466242,0.00117079859158499,0.00222137559310062,0.00367910686394152,0.00648329129600792,0.00747445807273272
"561",562,569,0.0033048963178461,0.00257224829906071,0.000301974277438953,0.000481469949848474,0.00142172315794581,0.00270510048625541,0.00450362134146613,0.00858366949861994,0.00987342415437002
"562",563,570,0.00408165348340465,0.00316513233053311,0.000352725793787984,0.000546650221009374,0.00178975581065945,0.0033048571770764,0.00558461547865874,0.010053222547418,0.0122025704638908
"563",564,571,0.00520660756529013,0.0040967535517292,0.000437182109387455,0.000710169756493882,0.00233969505505858,0.00425999018986054,0.00693948346630944,0.0131989649305296,0.015853610468496
"564",565,572,0.00688601626254034,0.00546155067660361,0.000605235408795927,0.000954809457193077,0.00286602718759094,0.00545712986184535,0.0094487620612102,0.0175270958446518,0.0208795900562564
"565",566,573,0.00916423371367402,0.00720572267024963,0.000745943381483356,0.0012263153381624,0.0040123783300176,0.00730029904758741,0.0125245621714066,0.0233754640338803,0.0279179960170999
"566",567,574,0.0127865060468863,0.0101833746554617,0.00113332587421007,0.00177995347059379,0.00553260385648908,0.0102411083456794,0.0175071492609699,0.0324286527619536,0.0384396589258672
"567",568,575,0.0172155503554232,0.0136727314132585,0.00158842333007269,0.00246359039469959,0.00749825068945803,0.0134067274499742,0.0231182670693948,0.0438688807553937,0.0514837876979816
"568",569,576,0.0235969789831503,0.0188747616101738,0.00234225074535145,0.00327500815948751,0.00988641189486972,0.0187313173107581,0.0319610506484622,0.0611039226681355,0.0725352201447461
"569",570,577,0.0332315154927074,0.02877364683944,0.00268361366879573,0.00432283148476643,0.0134816687041161,0.0251948164887512,0.0442172505836197,0.0864938611216272,0.110253245228836
"570",571,578,0.0455605634284259,0.0390303159640181,0.00383296607528725,0.00589058049610616,0.0176682956868585,0.0344649711783191,0.061205287572557,0.12491276838755,0.148116373369997
"571",572,579,0.0669589877668235,0.0639675425439957,0.00466859911809181,0.00797263079275863,0.0247363489956947,0.0469913948970477,0.089158853515439,0.185889207514689,0.234342901059902
"572",573,580,0.095855364222712,0.0959093659406019,0.00683952673612713,0.0112457433152612,0.0347585490374455,0.0660071911947812,0.126749108077797,0.272657533850336,0.343882973435583
"573",574,581,0.13150566903686,0.13586629976719,0.00903017022653254,0.0145397058105604,0.0452789755702224,0.0910644451080333,0.171394175067994,0.377219310131141,0.490757017110087
"574",575,582,0.187574251881753,0.202866704164444,0.0131066822012545,0.0190851324878994,0.0635301363661377,0.125882183855675,0.237643736402726,0.554765754101004,0.751513023432058
"575",576,583,0.263977807836401,0.306548384472997,0.0169088415093819,0.0252057530097941,0.0836036637759187,0.168886327363013,0.328502854959539,0.824469590908065,1.10073871167604
"576",577,584,0.349831542683745,0.395223085095965,0.0217198906120631,0.0367713584416254,0.10786992256908,0.222875428461396,0.43409349274625,1.15233857871889,1.43992302564392
"577",578,585,0.476997476407456,0.563682357645613,0.0272197224790273,0.0432530816017906,0.143620845077443,0.300258849400037,0.568413643295722,1.56916178016991,2.09809106941634
"578",579,586,0.613440276563758,0.729865613079139,0.0336767192548858,0.0537140444647436,0.189434806072423,0.399425481088585,0.775443999705995,1.86523214600412,2.50970508779392
"579",580,587,0.790299475598467,0.874994056209011,0.042039269652527,0.0705658182603012,0.237495014945733,0.502279164553701,1.00822608056056,2.47685410762701,3.15459145412032
"580",581,588,0.972403114984964,1.04003636091357,0.054873461040452,0.0852771545942228,0.299834395871636,0.621458437731521,1.2678891845685,2.96971367954147,3.82321797611741
"581",582,589,1.15281549487912,1.14464103904244,0.07146566501946,0.110247488081712,0.395933513122243,0.801195470727931,1.51554975604626,3.43957568328587,4.22954431529676
"582",583,590,1.31275064749397,1.2269887057724,0.0915455639690043,0.142728827330503,0.468993879655998,0.97501467757435,1.74944840280984,3.84195528793321,4.66937466248643
"583",584,591,1.4557368810338,1.27692465171182,0.109893048272996,0.172081157092735,0.553972633675125,1.0834244590213,1.96302682576055,4.04298315305525,4.90315587840097
"584",585,592,1.67239084736799,1.43930059894693,0.130523470568807,0.197815305722037,0.664012899642173,1.26515196058445,2.26665737347542,4.48337249177707,5.37897161230225
"585",586,593,1.83982897789315,1.60563386036063,0.154783347107475,0.238516259017095,0.710725971947536,1.42221449703692,2.43140929581857,5.03555406819329,6.14126539718569
"586",587,594,1.90354567231638,1.51080613076633,0.15740426314815,0.248599127425972,0.790816103318554,1.53634024835167,2.57971045801164,4.91053759353157,5.89421979822811
"587",588,595,2.09031002945533,1.70781893582114,0.186615814888963,0.296970980951186,0.889955453891519,1.61617828502273,2.80031115184669,5.41477677007749,6.61016635472413
"588",589,596,2.17607779158219,1.77282992212126,0.176199285631068,0.268396429284822,0.88709601933425,1.72911068269786,2.917784276333,5.68847465561336,6.81267904753698
"589",590,597,2.2559650093753,1.73747852320289,0.188912859439897,0.294854922812139,0.977322642977796,1.81362054180705,3.127882001273,5.56620612448878,6.67152956635768
"590",591,598,2.33256399013019,1.86820948694124,0.223209622415908,0.347408182775821,0.993113524615186,1.823746218045,3.13739570223951,5.94602360766908,7.13876005916203
"591",592,599,2.37520037452559,1.93781235008412,0.206537447769532,0.331433893831747,1.0063475105579,1.8655483790563,3.16048713866672,6.20461380898954,7.57220425506615
"592",593,600,2.36649088003881,1.80683845497763,0.242222339464327,0.372139769080382,1.06858893076209,1.90408722342428,3.1879919071295,5.90523809327765,6.95921785085224
"593",594,601,2.54954304521669,2.01454024206911,0.209161264213843,0.371124040841684,1.08799425213487,2.0467515748048,3.44374150570566,6.39524009759966,7.93467609019805
"594",595,602,2.48673502892392,1.88406767436782,0.221665276644045,0.356968987150575,1.09394880893908,2.02232910212332,3.39209810471764,6.33212260597895,7.28379434332484
"595",596,603,2.5057463645138,1.91938668572264,0.25624099730332,0.378683566435347,1.1027787422051,2.01870200196639,3.40660494050012,6.27297038215175,7.46633065004426
"596",597,604,2.54616470408992,1.92324460071194,0.238853232038614,0.36125272558,1.1314470329054,2.10248603127549,3.45910220302514,6.20791388526963,7.33691023608154
"597",598,605,2.56910613604414,1.99858095084027,0.240109844871634,0.364831901381881,1.11123665955385,2.06842955126648,3.49901016820514,6.40238176334879,7.76403216683358
"598",599,606,2.57909283212809,1.95646186594376,0.216856943078025,0.361777561807617,1.15788325223784,2.09288190626977,3.4975352639832,6.39013444256626,7.68119940982145
"599",600,607,2.55794081686791,1.98485898336347,0.21712437258146,0.353108029063187,1.12432711932507,2.05907699440723,3.48898579024561,6.31354766415342,7.47622600450408
"600",601,608,2.61390662369826,1.95500325105526,0.243648069079658,0.383709353224385,1.14999667397883,2.13710593884205,3.59325865934243,6.45916331498776,7.47833827965092
"601",602,609,2.59792084666061,1.96904056527648,0.22709486926377,0.350122360277264,1.14843950075625,2.11347982918111,3.58499423116516,6.6061748025795,7.59057135175908
"602",603,610,2.576218833799,1.95702304207557,0.238794831646412,0.358774273499324,1.11134355136875,2.1199472039525,3.5266364431745,6.42211412921515,7.51099891656512
"603",604,611,2.55600277363739,2.01127806099202,0.233449743486241,0.353053355495947,1.11280656668371,2.02224885749727,3.48764078214274,6.44709899758999,7.79176974871894
"604",605,612,2.6127269449513,1.99143270219276,0.223508537115001,0.351176737632957,1.1557487901644,2.12786729645217,3.56821287049018,6.46561238633084,7.6600137968587
"605",606,613,2.61961862276418,2.00113268459682,0.241237712521204,0.360303308650458,1.16199759649466,2.15153878453018,3.55401241956023,6.54376709357096,7.41751798113468
"606",607,614,2.58014596563918,1.93346768550239,0.275211702490564,0.400395423612495,1.16898964742034,2.10400048711181,3.52176004492483,6.3782769711143,7.5519462991485
"607",608,615,2.57999625801944,2.02192295471298,0.219228031438764,0.363076002935105,1.09880284691068,2.03792854018008,3.57482946033057,6.55155422004936,7.76679851667033
"608",609,616,2.63377192165345,2.03672585839625,0.235066741495695,0.355177771649831,1.16009522563382,2.11172778273861,3.58458054516561,6.51581110711567,7.8653794016696
"609",610,617,2.60019527573868,2.01955079530444,0.23262478507594,0.383143773329338,1.14432780398866,2.06668140029435,3.49801869773984,6.56067445595743,7.83630179111722
"610",611,618,2.55707014678356,1.95643658085832,0.251980472177651,0.369917747761594,1.11502372044995,2.12157040110193,3.46410821537369,6.23453070195986,7.50376295995469
"611",612,619,2.58231324398018,2.00667461977441,0.235628384827458,0.370043642438483,1.09183571994971,2.12549068381355,3.5249157917523,6.45954528410069,7.69482131139214
"612",613,620,2.54060016640626,1.96608016388675,0.250333108312222,0.364457560802847,1.11605932406184,2.08001941828712,3.4235101598532,6.36754338343819,7.68327556377016
"613",614,621,2.59578232559753,1.9932913779605,0.255989779072259,0.401541928748578,1.09318256902375,2.12039286977548,3.58259802652708,6.40585078442272,7.75582721669609
"614",615,622,2.61960483120331,1.97916187911891,0.234676062996184,0.369616260187491,1.14755542991133,2.1617281079647,3.57628711286634,6.46824630196969,7.68573959310422
"615",616,623,2.57363293116386,2.01388036693169,0.236918152097947,0.37212984329627,1.10624679581907,2.08905935023568,3.49389870007591,6.54777002048012,7.64346795982054
"616",617,624,2.60178964086483,2.0334216176952,0.245072957504115,0.367486648035481,1.10504165746628,2.05782983890214,3.51371795703163,6.83886364076288,7.95733081882608
"617",618,625,2.62914023252155,2.10386563637043,0.212005149112419,0.333013740964983,1.11210553034781,2.09780742123912,3.52354599876996,6.66124618057114,7.89723331271249
"618",619,626,2.59024608625633,1.94289997858208,0.240857747060944,0.389835315814177,1.14438389050174,2.17243576065514,3.51863850156974,6.36645070159156,7.35141394611409
"619",620,627,2.53420451782958,1.94090750460375,0.240459393924426,0.361337857571732,1.12699809932069,2.05339451016285,3.44438868073474,6.28656821884102,7.42134648547368
"620",621,628,2.62498537645484,2.05904703410844,0.217889978297779,0.348130796955317,1.12437557255675,2.16503754820996,3.56241429502211,6.60234104497666,8.04082670931037
"621",622,629,2.6507294474625,2.05369779590932,0.277339420103918,0.392877492975245,1.1645951693336,2.07951813274283,3.69066013425868,6.69834596266529,7.58961422740195
"622",623,630,2.63359093017806,1.97769425061045,0.219817024022852,0.354140246143909,1.15340284159352,2.13903435638704,3.60032643367259,6.51952397735105,7.50324314810649
"623",624,631,2.62665380023614,2.07139585092398,0.208475960990441,0.361980374693649,1.14524424102991,2.10484165778661,3.55522671587286,6.82574862341002,8.08404726340873
"624",625,632,2.51828291846635,1.94167761687421,0.229701221581918,0.344988730047978,1.08016128025637,2.08144231694207,3.39689310620146,6.24807491519791,7.46553713685022
"625",626,633,2.53711381439264,2.01918117420279,0.236995011467315,0.353035082792141,1.07979661526478,2.00309129301317,3.4149888008742,6.65057869396111,7.75944977226981
"626",627,634,2.6070052428425,2.02430840364752,0.208162683544491,0.370596561530784,1.15762066150599,2.09371139862331,3.49289176960638,6.65935467859981,8.00458249354751
"627",628,635,2.61288636159001,1.99796254922048,0.264540331448489,0.419033685625361,1.15800837620199,2.09439345182249,3.48391692936651,6.56886014938529,7.75925218127528
"628",629,636,2.59082411451333,1.97718539610394,0.247349290312763,0.382845830883743,1.13795464398573,2.07782337788718,3.54062995396526,6.32689422821033,7.5569717809484
"629",630,637,2.65695185614076,2.07669841526749,0.216692861705395,0.344743658751902,1.15487008503816,2.14818085070152,3.60545866075261,6.93248067687588,8.01247370209396
"630",631,638,2.6026545119079,2.00956261484965,0.208759988465825,0.340723457200294,1.14452869260237,2.1182942148307,3.47262664226432,6.51309720551192,7.8807972051823
"631",632,639,2.61814780852089,1.98651768508389,0.240501307926629,0.357383694118342,1.14933837608278,2.15342594687199,3.51118082831655,6.49165163174028,7.67965178409912
"632",633,640,2.6362644313557,1.99525302377745,0.236776847814922,0.392183489227887,1.15500303743235,2.15020186856588,3.55223827720062,6.53500135960865,7.89384992492561
"633",634,641,2.64036998231205,2.02116164725815,0.278264432889729,0.385195875389217,1.17161707375482,2.14112186207288,3.61702469543553,6.49186837551276,7.64616923739963
"634",635,642,2.62859686469826,2.05620831583649,0.251932535323543,0.395936585185296,1.16912399711219,2.11733429078239,3.53170661757311,6.45838415278139,7.86070897434955
"635",636,643,2.64147186093712,2.03071334302387,0.248768869125668,0.361331305832544,1.13700172837822,2.12320791834131,3.62077208045067,6.6691903322236,7.78899207254223
"636",637,644,2.61620044880434,2.03300898132664,0.238342412183788,0.384543797624613,1.15174238854155,2.11497860927744,3.60302925376984,6.40631258917094,8.18507341199632
"637",638,645,2.63121340194883,2.06026346129317,0.260800749317424,0.372918993570151,1.16152275388183,2.1388366039381,3.56965745392127,6.58398299740767,7.99974817143164
"638",639,646,2.51865689636521,1.90595143305931,0.234498660813081,0.363857198787883,1.10345902133538,2.04642634234034,3.48749816229396,6.11210795463782,7.03239879656662
"639",640,647,2.62363976370867,2.018218057498,0.242908423844044,0.381628643604966,1.13719443133254,2.12850306264714,3.54988453517349,6.44136257068148,7.67575820658434
"640",641,648,2.56058928334885,1.92249716330612,0.236499962657277,0.35430299572717,1.13203551580754,2.11671534233424,3.52780640515895,6.32636620750307,7.55022116492283
"641",642,649,2.61256981855069,2.0252536450218,0.226277873031325,0.374637186136993,1.0886535686612,2.14556335467783,3.57175035853619,6.63639566720691,8.07164625233777
"642",643,650,2.5186106577089,1.96296418370686,0.260470142050803,0.378893899107318,1.12029642120625,2.00923543591143,3.40512309902654,6.39540956386409,7.38644253863589
"643",644,651,2.57371420579023,2.00663947869906,0.216333304812274,0.345563465276067,1.09623891396269,2.09292854604703,3.54465023375615,6.44393560696729,7.68658838422978
"644",645,652,2.56232196329393,1.98836228741169,0.233951400284411,0.346158333393512,1.08100386695005,2.09569398974116,3.47193559936899,6.53172866663689,7.51669188335169
"645",646,653,2.62306232630135,1.96668693930944,0.243020053963769,0.3588817399564,1.11439952349064,2.17340636103066,3.67695352555049,6.39774005770227,7.55381229492924
"646",647,654,2.6166485855039,1.98680134717381,0.229200389108746,0.405688546126462,1.14617096855781,2.13753662982071,3.60570458973102,6.51018259880312,7.67166105545532
"647",648,655,2.57799548683482,1.97441701887735,0.236407202679823,0.36844226182167,1.14660507843369,2.08149483679442,3.50511193017064,6.47554555553173,7.67980837417302
"648",649,656,2.5689368402967,1.93314141751413,0.248597826565129,0.368957286533312,1.12715537591464,2.09998166505137,3.54185175093491,6.2356160707872,7.52689586589853
"649",650,657,2.58362958709197,2.00907551924782,0.247402204688178,0.384553854234986,1.09854551048305,2.05268566700136,3.55158907882723,6.58231694303969,7.67046404193888
"650",651,658,2.54587278059393,1.92556268643652,0.247721075307961,0.36257975275748,1.13074032858259,2.05767437558394,3.5218592620528,6.43311881658584,7.38628432245141
"651",652,659,2.57902212494754,2.00267634239208,0.219098701601925,0.346568014947237,1.11254571887081,2.0790108626886,3.48200230942687,6.49315463461103,7.6595807962781
"652",653,660,2.63711910397339,1.96558317821885,0.240518481813611,0.401442348131234,1.19581273796409,2.14966107242165,3.57829006194133,6.56774988984608,7.606057577236
"653",654,661,2.61274527436987,1.99888458396572,0.249996544596408,0.37191315225122,1.11265713921721,2.12737565534892,3.5789682809483,6.44365035090235,7.84768558792882
"654",655,662,2.65978813459634,2.06401628325067,0.237337426438168,0.395597864333055,1.1578874026328,2.17144612209436,3.61590777509031,6.50512833800394,8.02941903957415
"655",656,663,2.52614463605941,2.02564583487281,0.249492597103468,0.347626670734295,1.02600137420893,1.97353889174061,3.49005704571351,6.47382689074125,7.80832609545481
"656",657,664,2.61901575792035,1.99231328475593,0.223863708667247,0.367824364831398,1.16861946797305,2.1091571777739,3.57739881798627,6.58154991090976,7.64531929415528
"657",658,665,2.61098238459677,1.98051290704856,0.216120015748565,0.336419044674674,1.16683468708182,2.14342080528066,3.5889157609324,6.33734808243985,7.56406874067244
"658",659,666,2.63210450801113,2.03667318901147,0.228563421058211,0.36718848734868,1.0940128220562,2.12583579363184,3.68251664452312,6.63843649088048,7.76557776219159
"659",660,667,2.57329949572809,1.95899865838173,0.268935621794779,0.383284279351857,1.13921053738382,2.11274158740118,3.4931267419283,6.40616234491699,7.56064985609188
"660",661,668,2.62598790152657,1.97576500036202,0.250073269903485,0.381973346954882,1.20967875539754,2.13546721385455,3.56088028863475,6.54514315374774,7.47607558317957
"661",662,669,2.56265821022964,1.99337798726099,0.242174218882421,0.368447347023494,1.12381870945487,2.07165838483113,3.45071902946775,6.6035342261931,7.63000234365052
"662",663,670,2.56534208367302,1.97063183968836,0.248608578596708,0.369359224843915,1.14981139833455,2.09692612814171,3.46553492204478,6.54226398256431,7.5334269966128
"663",664,671,2.52042556963934,1.97541570427085,0.24253503610797,0.346741912990654,1.09368729386486,2.04071570965781,3.42394404124907,6.26738993945414,7.79600371422751
"664",665,672,2.66298053004735,2.1221278862815,0.246641900327267,0.390690384072827,1.11747290790734,2.06467103039338,3.59248298769728,6.75416340134334,8.17562897173254
"665",666,673,2.64267254876193,1.96737744720911,0.255251373155523,0.368974055249377,1.15646262271612,2.16479742784277,3.62050082046042,6.45970506121201,7.65443623244289
"666",667,674,2.60800067999956,2.03710828757079,0.206778979439496,0.328722505163787,1.13767306021906,2.13259271163872,3.5291927859055,6.61784953954503,7.79138971135534
"667",668,675,2.59684792943675,2.03767329744406,0.26150611572862,0.402086614317689,1.10485615059946,2.09962509715109,3.4962626887283,6.62124593997698,7.91607830452502
"668",669,676,2.62227753434869,2.06041002456797,0.236322409064115,0.357350855573941,1.13277747053761,2.09434954402372,3.5679596413754,6.6188170877603,7.85161157588013
"669",670,677,2.66381045964742,1.99612362530714,0.238130285454114,0.389562914062881,1.2291600341535,2.19099470697571,3.60405169708486,6.54072376647706,7.88791914401919
"670",671,678,2.59465669493145,2.00833682473056,0.253691187388125,0.385555973290675,1.14047112813491,2.06813921695422,3.45780596964231,6.63204986475148,7.95242691640852
"671",672,679,2.6688012589049,1.99001396971601,0.27659972435905,0.409343334767169,1.18858606065705,2.20539076319991,3.64001723957223,6.55284133885594,7.64592000614517
"672",673,680,2.55128635428219,1.98253788463978,0.237106991628563,0.341287967707,1.11564233746352,2.056690661546,3.43754742992463,6.38822559234253,7.69330561689945
"673",674,681,2.58036766575786,1.966684345664,0.231975621618241,0.35853176101615,1.15353198647248,2.1064973309753,3.46383857568395,6.45527663598171,7.79352300317078
"674",675,682,2.56387596804926,1.97654776380716,0.212415242745935,0.363546542969555,1.10187745287983,2.07762450566169,3.52429396343831,6.55570123781548,7.59689855264897
"675",676,683,2.56123449995547,1.96000848496667,0.250796278258102,0.368837623256782,1.15610105771653,2.10888292347323,3.43471036199313,6.25792278712017,7.71528639877915
"676",677,684,2.6337101746792,2.04714753474688,0.264650458178351,0.41432565215477,1.15200475802227,2.10715502874249,3.55962153243044,6.55697198347741,7.97579686502969
"677",678,685,2.64724710516348,2.05584519775391,0.24650958644404,0.384875063444994,1.11661202254591,2.13837360861048,3.62285052382244,6.60421414589123,8.13296748548633
"678",679,686,2.53832429860623,1.9920927598445,0.212464569255443,0.347435437729437,1.08525462552332,2.03362780881148,3.49233136099962,6.48132955495022,7.46277835171764
"679",680,687,2.63053001788726,2.09162609034106,0.212935558745176,0.346186875457071,1.14744640965151,2.13193971338165,3.53900501572227,6.55693991984161,8.04287409138689
"680",681,688,2.57172391592504,1.94785826680752,0.212703279718263,0.345306630778805,1.12266282804698,2.14513496680231,3.4959469061133,6.37954482044326,7.62680402439891
"681",682,689,2.58662846748532,2.0151510284975,0.226997480949318,0.348048466033478,1.12790373760238,2.09823672496741,3.5316791578022,6.36813918275514,7.66697045488094
"682",683,690,2.66433919362296,2.00202487332875,0.248250507933226,0.383463215342056,1.16528308215085,2.19319320215929,3.60127235641218,6.60709939376697,7.88905635279614
"683",684,691,2.56868350515603,1.98664730454912,0.252865960240534,0.370971827867244,1.13925309363329,2.04823737399221,3.49148151771122,6.3871446075068,7.87703695836904
"684",685,692,2.5967363679829,2.02719487037249,0.237422613743717,0.352907747941312,1.08017890537655,2.08436061567046,3.52281940987133,6.6805280669496,7.77157971145501
"685",686,693,2.68784271290191,2.13082316440759,0.236732584558984,0.380187573144645,1.12605503946139,2.20573227406065,3.62980675696026,6.83082263202031,7.97571808019542
"686",687,694,2.56651890084752,1.98529845299395,0.21648986778351,0.361564810753996,1.10605538167108,2.10802504142615,3.4809901139019,6.38697616567551,7.55031006902415
"687",688,695,2.59399034283622,1.97811743261203,0.241337798483359,0.399227590054727,1.1574219172734,2.0987059568442,3.55729226990641,6.37452692214599,7.76811139241303
"688",689,696,2.53000136668392,2.01516780270755,0.243363247499656,0.357972900311184,1.10090746510594,2.03348998488425,3.42577788912677,6.37725142267272,7.79154027703411
"689",690,697,2.54977065387286,1.95374207891783,0.235734501452242,0.3844319534832,1.07636858960465,2.05105116903379,3.48147062242627,6.39521229446234,7.57657342074845
"690",691,698,2.64978034681976,2.00436090034672,0.269801989964376,0.38037384614411,1.17365223442074,2.13062253202083,3.61297735843682,6.67208153505092,7.8677672840608
"691",692,699,2.55399248328487,1.97424401906239,0.224510566405682,0.342312375135847,1.14131610068247,2.07439209715527,3.49234758030067,6.2550091144589,7.66839233093696
"692",693,700,2.62458305764957,2.00674675186986,0.239387373259304,0.365856580433634,1.14218166384975,2.12138422556927,3.57997252558853,6.54285822784212,7.69588959173624
"693",694,701,2.58773448449811,1.9975845219568,0.255189363567997,0.381216499294243,1.1317101208851,2.08311040650539,3.53685190638397,6.53347879747598,7.4896452838425
"694",695,702,2.66129021354796,2.00005469850419,0.252493774312941,0.366808059961244,1.17804539609913,2.18049681814633,3.64272907017583,6.43988460947785,7.72717314215016
"695",696,703,2.63251836336426,2.04555505809483,0.238258525097081,0.354158766015637,1.13762785239331,2.09288545889805,3.62561907394144,6.71928437100667,7.76181695338932
"696",697,704,2.55815057103984,2.00918746542914,0.213830419000392,0.33929689610427,1.07008749255811,2.10076102791818,3.4949581034884,6.35131806431685,7.54790383646951
"697",698,705,2.59491664672602,2.04620701811528,0.244634774750316,0.346764975670877,1.13093814537654,2.06577348632566,3.52275014503767,6.52320232331487,7.97078116456182
"698",699,706,2.62647584284935,2.05481788110723,0.236421951390284,0.363669970742449,1.1163018587459,2.12103722861012,3.64554992021048,6.65191761858217,7.64452868374314
"699",700,707,2.58533785167908,1.99834063093324,0.231279757613104,0.375117598257997,1.14755668112322,2.0604914374358,3.48650265077959,6.63938316763881,7.50405931016622
