"","t_start","t_end","Mean(R)","Std(R)","Quantile.0.025(R)","Quantile.0.05(R)","Quantile.0.25(R)","Median(R)","Quantile.0.75(R)","Quantile.0.95(R)","Quantile.0.975(R)"
"1",2,9,2.63901288377902,2.00423388191243,0.254414134758564,0.369633403530293,1.13832710913861,2.16021242858215,3.59999086669346,6.6833916136804,7.85145563751225
"2",3,10,2.61240340978427,2.00923946711165,0.264279947463042,0.38918472940392,1.16546385294928,2.09633733489431,3.5746136820553,6.47558813050465,8.02604248959951
"3",4,11,2.61146708478801,2.01388126334534,0.226391739457616,0.362854798301594,1.11886870343518,2.11790187775473,3.60214801057328,6.53985438573968,7.50912430792052
"4",5,12,2.57998198288376,2.01767179429084,0.231736034361248,0.363744400983141,1.12332450395158,2.10099617419846,3.4693794581917,6.43292044752009,7.56443935207373
"5",6,13,2.58888722429259,1.97643809123906,0.244961308804254,0.35550024352362,1.15494688157627,2.08874424333464,3.54879700649161,6.4297983307602,7.71082398213231
"6",7,14,2.56843972155239,1.99471903924861,0.246286935923166,0.353151571955616,1.11580430643937,2.10247320779741,3.47306722098113,6.36247048036563,7.76846108924004
"7",8,15,2.62693171641048,2.05960625923278,0.219291423776904,0.368465466278177,1.11640441124843,2.09709590417569,3.55350040524327,6.87319171181236,8.00102741674687
"8",9,16,2.61197205191029,2.03460951798905,0.226792904479046,0.35910740454999,1.13236492269241,2.10548280745095,3.50438492912054,6.61291451799825,7.59719569094586
"9",10,17,2.57042093763371,1.92429918866717,0.25097801743729,0.383176984040429,1.15895247256776,2.09861994401241,3.53345952833471,6.24483737646421,7.56611265984092
"10",11,18,2.6125964883978,1.9906764922925,0.235226818019125,0.365146568024972,1.13090770006478,2.13277715054362,3.5825637012787,6.43016241141226,7.52543257794541
"11",12,19,2.65062577958586,2.0380853590334,0.251355127459566,0.366852759750092,1.15056288883495,2.11909283853781,3.58283281137852,6.62460579801364,7.77423052042861
"12",13,20,2.59123300022968,2.02495533871958,0.228678704669786,0.376615854167768,1.14388280882438,2.0720573421903,3.47954242714086,6.59946971901517,7.82889779203753
"13",14,21,2.52292897068118,1.91094659975434,0.233513831426268,0.378774445251609,1.09793043674893,2.07052262512021,3.42737643205687,6.18826390081143,7.35940973458638
"14",15,22,2.58723817425825,2.04988091303007,0.237188213970367,0.345352602840132,1.10583843373038,2.04118261546614,3.57473089995946,6.66290664779285,7.8624902469553
"15",16,23,2.66211005680615,2.04092058814143,0.257222818289128,0.367232516367592,1.17211528813044,2.15924394076274,3.6657191697309,6.58062609730619,7.74766714634215
"16",17,24,2.57496550844937,2.00390393060568,0.195450485620252,0.315567090291362,1.0853704938374,2.09298757217561,3.51138184782366,6.49338193352746,7.74380966921684
"17",18,25,2.57248229970506,1.98277196198944,0.260239690311376,0.377348177834085,1.11082034932592,2.09329394275259,3.47389972497471,6.57502168360376,7.83327745552263
"18",19,26,2.66166671003251,2.12891483054437,0.219172827971758,0.375041674541419,1.13627368616102,2.1261399568557,3.59968856218077,6.72323391042046,7.85724744355926
"19",20,27,2.65560125783136,2.01935254681584,0.281342072916578,0.440155849429101,1.17329216289682,2.17419086532204,3.56483202925827,6.59756202541233,7.78544607551742
"20",21,28,2.54176336755047,1.95367571616149,0.218417668331716,0.355164151306699,1.12311518023879,2.05016551969707,3.43866349260411,6.45432813030175,7.59890814165102
"21",22,29,2.60570028212047,2.0347784426067,0.228895636839192,0.337121281893374,1.11815103255898,2.08694047200424,3.60062418130236,6.59946557500379,7.86453104925274
"22",23,30,2.60065947261807,1.99389167476447,0.24244553347132,0.381893212162263,1.10730625140428,2.12815685234494,3.5443455942943,6.44905955999864,7.90454446912264
"23",24,31,2.61871353109544,2.10568175858943,0.224204752101288,0.35456674549746,1.09237861261433,2.07852629294515,3.54276019672231,6.74070800500265,8.13110097411277
"24",25,32,2.57774876210305,1.95792827089098,0.217660270641885,0.343112901628394,1.12190740649362,2.08432047964481,3.53330233120878,6.36712776399901,7.76017565355001
"25",26,33,2.53654815376639,1.96223598720237,0.223111109043663,0.345752527748419,1.1183691042913,2.03617088430422,3.44725446629989,6.38074499194865,7.51698834543529
"26",27,34,2.59972288464994,2.00229393145533,0.221066315536678,0.362714273384123,1.12597648721558,2.10169990348197,3.50789493191853,6.48695991132519,7.69231160791565
"27",28,35,2.62646606565729,1.9875602748408,0.222671348093677,0.328686157980733,1.17229371052546,2.22908822621428,3.5104019926281,6.45267242526513,7.78955542985681
"28",29,36,2.65385092759607,2.04451308973869,0.257534630835355,0.36857939845431,1.16572208478716,2.16813636569442,3.57187187315711,6.64817575931376,7.90091519030384
"29",30,37,2.53147404973154,1.87289104585437,0.259710460024437,0.374900366474135,1.11541670125924,2.0907470632246,3.46145837320181,6.06880140583529,7.24157202145466
"30",31,38,2.56511620359125,1.91709049798924,0.240349297193362,0.375165192254616,1.1461920876027,2.07759336033562,3.56464057194138,6.36556621323044,7.4298105135545
"31",32,39,2.64292067404947,2.01648062897159,0.218701056359029,0.393204687611843,1.18270685847541,2.11136018663752,3.57926574852447,6.5199426247813,7.77182074440386
"32",33,40,2.62621560580743,2.04863606619187,0.248215080527446,0.365870814102214,1.14000352282111,2.07863726917344,3.56377122035861,6.69653149062938,7.89498621436352
"33",34,41,2.54739556679084,1.93808876537545,0.206472272322569,0.328412399036739,1.12944531929105,2.07190779940062,3.4763148013751,6.27674965690487,7.59689860035264
"34",35,42,2.575572204854,1.97605066848821,0.237630290189038,0.332414334581699,1.11607893175021,2.11615595164982,3.52158570324689,6.34916502605582,7.56194734850442
"35",36,43,2.62000294119818,2.03080955195288,0.20894712593405,0.347392113112576,1.1651767783611,2.14639756290766,3.49706401921537,6.60720843792481,7.76183603230592
"36",37,44,2.58908447656801,1.97427730819146,0.227107917793901,0.361670190672175,1.12080137510527,2.09871101660349,3.56530259703501,6.45423434731127,7.60795854043308
"37",38,45,2.66464097064061,2.04543717627486,0.256779170483113,0.375995555242108,1.15096884302505,2.11079540582222,3.63717322054262,6.75551712931893,7.79597724426191
"38",39,46,2.64389258274272,2.04826957311287,0.235636797789357,0.359196704726044,1.15890984600582,2.14074875376387,3.63130140408667,6.61158449569007,7.96451132294833
"39",40,47,2.63068704964365,2.05797592216559,0.209990706695905,0.348241555453491,1.13096145273684,2.11143503601482,3.5734852520874,6.6071260729488,7.9191540383927
"40",41,48,2.56247991691392,1.87754307217247,0.281885890426812,0.414417739496459,1.150467664308,2.14420308971982,3.44471976061874,6.13961311445735,7.39210113641567
"41",42,49,2.56601849329269,2.01664047113139,0.218516971756287,0.334290574884174,1.11255735874277,2.08978422962605,3.47503731124309,6.4465354829244,7.56415167667582
"42",43,50,2.63279705136648,2.04089066835264,0.237453521971263,0.353146934496829,1.14711507178673,2.13548311301125,3.56487365528045,6.53215916105292,8.14178938711949
"43",44,51,2.57200900952498,1.91723477540799,0.236190151686942,0.378040738348768,1.15340283739772,2.09437324462132,3.50911429593513,6.36332679384519,7.59792687918267
"44",45,52,2.58998901077531,1.99053297218505,0.230169259506706,0.375645835840285,1.16072826567726,2.10540208841917,3.46999104078438,6.35425948845159,7.59259341220858
"45",46,53,2.57546123947537,1.97237585952775,0.245363897049626,0.387525960197684,1.13905971824465,2.07555205933105,3.51996766297179,6.45711863965858,7.57130613336283
"46",47,54,2.62121950504902,2.01271788722757,0.247082389791102,0.403857457090837,1.15495294645044,2.12418212209377,3.57171055723065,6.50272519953973,7.78141600243048
"47",48,55,2.60689506298683,2.00009739449315,0.230269476421121,0.339399119255143,1.14765340298066,2.10385447953126,3.55926158710684,6.38971107633336,7.51105020595437
"48",49,56,2.63633802597179,2.04139425805957,0.221763111508597,0.370398702721952,1.16891827181527,2.14533415574462,3.50099031207888,6.65536062711279,7.82079450066118
"49",50,57,2.64017030574661,2.01088890802768,0.23791408246352,0.37847225805469,1.12804572344525,2.114845364116,3.59226551317495,6.57756885967482,7.68323887130121
"50",51,58,2.48844717682417,1.89382455615421,0.258767817413938,0.396177144069079,1.09464630805435,2.02084062400434,3.41478991853569,6.03674332101303,7.16467899164367
"51",52,59,2.5624952186768,1.98843860807553,0.236458281177674,0.354067124242252,1.11344288475008,2.04767126490745,3.47501528771354,6.32201264570867,7.80022695457091
"52",53,60,2.63131446253882,2.0287196060914,0.232128799640842,0.381286773723847,1.1539502818529,2.11290690837734,3.65994308957591,6.61731841920354,7.96541238431655
"53",54,61,2.58166028436543,1.97933592386433,0.219103776861485,0.364831944635683,1.12005157538753,2.1169896234523,3.45548699557541,6.51562822353594,7.7573753929137
"54",55,62,2.66454663769551,2.06496348313777,0.239335709833833,0.351193390960814,1.13540549126748,2.12546415792379,3.65919841886768,6.71619238598478,7.93600151082807
"55",56,63,2.57193547103015,1.96967627632456,0.224681149023363,0.356594985414691,1.16642164800105,2.10102106695936,3.47021895375141,6.42081679614858,7.69020516550253
"56",57,64,2.56516523531111,1.97271692255618,0.233864918846369,0.357448342688444,1.10561231001139,2.058513526895,3.51521250708203,6.45726163274429,7.73851189786787
"57",58,65,2.56448621905124,1.97690164827355,0.227670482919738,0.352402079655667,1.10437495648535,2.08074823039656,3.50336702893629,6.56130086155116,7.73794117904079
"58",59,66,2.58864133711442,1.94617051056573,0.234038770026664,0.370075916712255,1.19673189320327,2.10735705275388,3.50149412343477,6.42390098157871,7.62294262513407
"59",60,67,2.62167573904367,2.02522420895215,0.262164201656636,0.399923265320792,1.16654427778717,2.13828075114733,3.5235290153294,6.58701539111578,8.01887103656104
"60",61,68,2.55858125784428,2.01079773292527,0.225324126197385,0.342894337986421,1.1040920694543,2.07151518007382,3.42412502651741,6.53455653089378,7.77637051930013
"61",62,69,2.70079953453147,2.06857549887144,0.261529679562618,0.386996717787068,1.16399473955682,2.1617184510535,3.69581656500575,6.65598112848306,7.83358458792781
"62",63,70,2.58290765670635,2.01184496118719,0.216098517702102,0.359486121041922,1.0879391674255,2.07077946409379,3.55887216241599,6.58346121096752,7.81716943041188
"63",64,71,2.64195641706918,1.9953044135432,0.239508002255821,0.361997715780455,1.13748678212907,2.15076316767163,3.68753986911018,6.42685485107232,7.76724512615502
"64",65,72,2.63292851232616,2.01978934029522,0.262266722302197,0.377843317458976,1.15540430237838,2.16412632201262,3.59792586221341,6.52267243583995,7.57211271539847
"65",66,73,2.5984513223264,1.9542448979586,0.235398148545748,0.366366534107903,1.14992690307096,2.162800863325,3.51689332453396,6.31912873464803,7.74282805872101
"66",67,74,2.57169640173985,1.9731197024733,0.234197571215643,0.362262659737205,1.12262073290805,2.0773421849526,3.47995716492734,6.35931585478281,7.66339018738191
"67",68,75,2.59004345792784,1.96678487065472,0.235280824904595,0.367856855091459,1.12362436758511,2.12057566981983,3.58218911358291,6.35430994981185,7.44967850885863
"68",69,76,2.5448713582713,2.02132923147931,0.218482653048432,0.33464730495036,1.07210300054173,2.02583539705269,3.4488239423228,6.47624986259213,7.80062165023618
"69",70,77,2.58528853206677,1.99764392302251,0.241588695354022,0.359145390944017,1.10129099833587,2.10251568014856,3.51876920045369,6.5137171336617,7.62126436868131
"70",71,78,2.63867099766707,2.00214637639034,0.232375935811242,0.379824197306049,1.16411308523843,2.15189229056859,3.63103974246188,6.51698814872039,7.77712474301672
"71",72,79,2.5719979110509,2.03373965053788,0.242427157195703,0.359256278558897,1.10806107619305,2.07014618103148,3.44648174174829,6.46421300234903,7.72019821003374
"72",73,80,2.56522179655676,1.93846966822504,0.229069359248684,0.380127510594463,1.17060777689477,2.07540891215558,3.4711147858803,6.20600655630296,7.65813301541696
"73",74,81,2.62116310310037,2.00921855913193,0.25272525318641,0.373482416733267,1.13035112073034,2.10382300658477,3.67266686800596,6.53938134778751,7.56658108152619
"74",75,82,2.56383035006405,2.03427143243319,0.217547860979905,0.342085729391061,1.1013789722963,2.06805707100588,3.4678250130451,6.58975275622204,7.82459171170902
"75",76,83,2.62553331832235,2.0278860990412,0.230443013517357,0.365198504790649,1.13098859061509,2.14727121853606,3.54457960544582,6.46816065258362,7.70953338286412
"76",77,84,2.61056328935303,2.10271020930756,0.25602536946778,0.402935660845873,1.16201043460474,2.09089633473276,3.50553762314338,6.55153137101368,8.0110194795035
"77",78,85,2.62059099845648,2.01554663501773,0.285236162616332,0.411487415731707,1.15870671969073,2.09640720954416,3.51398325262424,6.47443652846809,7.78027012086064
"78",79,86,2.60013759863534,2.03072912679503,0.247700417116693,0.352128450734203,1.12967763367094,2.0760988821861,3.50518877474916,6.60278396201487,7.87414066196665
"79",80,87,2.64680163070938,2.02412010087593,0.260668508693453,0.387206136288485,1.16511168387594,2.07827989693721,3.68457230872355,6.49219177838068,7.58889048625348
"80",81,88,2.61019214816067,2.02255895045809,0.246321823330406,0.371668026998544,1.14064880629502,2.11395095103081,3.57788983602807,6.56092046766446,7.67678951203873
"81",82,89,2.52279546467981,1.89281764706204,0.233254839587974,0.391825865846842,1.14085128138767,2.06316003295581,3.42363773920619,6.32169532463884,7.3975223334434
"82",83,90,2.59220336178701,1.98478302794889,0.238488814856129,0.390554250001644,1.13033031381436,2.14784994772421,3.50655231900745,6.42762780103289,7.6631561572794
"83",84,91,2.60386149556181,2.01106172239077,0.218884097568282,0.367161751537223,1.15903235837317,2.11890112080738,3.4762851459478,6.48365191289574,7.52748974518687
"84",85,92,2.57481013583247,1.98293602068154,0.226375577610156,0.346590516767259,1.14221370514204,2.09460945700902,3.51200923867238,6.32782836006756,7.66901234553941
"85",86,93,2.67305960388059,2.03935450426368,0.255297705515117,0.39001349434138,1.19232619771568,2.15791064683602,3.65651974479312,6.50595059798692,7.96912749404616
"86",87,94,2.60287334492755,1.99909765083381,0.212224687346662,0.375905758875348,1.12842929192255,2.08892146676827,3.58523264473335,6.47544471435699,7.45317178999344
"87",88,95,190.499825961678,16.9335615059751,158.520087599213,163.857037170729,178.75778177652,190.079880059766,201.916951208044,218.720868734551,225.053147467606
"88",89,96,31.9031134210931,21.9127606037168,8.15316710561391,9.00330450289427,16.7965749393959,24.7007132625642,40.1629499265647,77.3183852489746,87.7949251993047
"89",90,97,7.31210199856022,3.43791677002963,3.32696225734395,3.55633798558947,5.01874743556911,6.33659668786686,8.70941705570252,14.2287830758768,16.5540263929857
"90",91,98,3.87313946167933,1.12080930872842,2.42070044805418,2.51873333896542,3.09141655257968,3.60644479604174,4.37532140384976,6.09907397463129,6.79285021182633
"91",92,99,2.81547666778716,0.536946719986074,2.03048138110576,2.12573026969279,2.42598718969675,2.73382713792701,3.09104534879865,3.88374959357286,4.13612450431208
"92",93,100,2.25310284522474,0.319625415152099,1.74452225301864,1.81255201627061,2.02991482418926,2.20842609174983,2.42624387228959,2.86457155259704,3.02653392302425
"93",94,101,1.92310945170164,0.227224398810538,1.54459778688786,1.58959704074372,1.76042257123991,1.90782063085423,2.0526369537031,2.33782954925856,2.44658927819257
"94",95,102,1.6857366421435,0.163847135665404,1.40767145049798,1.43922333784773,1.56829252143455,1.66923353964352,1.7843384245542,1.99304244182348,2.04638092509497
"95",96,103,0.761764139341115,0.0826222927816555,0.611069988895228,0.630932300937161,0.703526978720782,0.758114180986127,0.815965874743673,0.903565684408897,0.932288160825447
"96",97,104,0.746365710682943,0.075443513660936,0.609292876575893,0.630759112796505,0.692683209140516,0.741919986233388,0.796331223919075,0.871417541943376,0.902555820961337
"97",98,105,0.778663496939467,0.0754788647197497,0.639999098026805,0.660613866476414,0.726390601038674,0.775481886919457,0.827535877460294,0.90985586783078,0.935639911993697
"98",99,106,0.81011625816106,0.082292991613522,0.661738039820516,0.681276562635319,0.754037429986209,0.805148166639754,0.863664192034896,0.951733675058657,0.981174256925275
"99",100,107,0.739923660062371,0.0815308336700692,0.585487457823321,0.606579272429593,0.685767461910152,0.737176601984672,0.792155965124058,0.879190360312111,0.914506794034784
"100",101,108,0.795253652520666,0.0826443208336115,0.643465666629693,0.670041054352837,0.737575712929369,0.791534280894081,0.847161620013618,0.940997009844964,0.968923108209533
"101",102,109,0.895536777150845,0.0896480270796339,0.73041510975858,0.755362236021997,0.832650884688027,0.892650266112759,0.950579707195864,1.04877993722867,1.09005558328011
"102",103,110,1.08050295224152,0.0980317712535099,0.895908975342478,0.926200031067125,1.01183818942685,1.07944632783691,1.14843917851083,1.24565339237164,1.28034278738248
"103",104,111,1.04430405241115,0.0958783537285499,0.86993557521184,0.896610668401843,0.977916543610515,1.04117966414493,1.10669783951862,1.20778068979977,1.24232223587284
"104",105,112,1.11302851773731,0.0970012538175574,0.92520773694007,0.956052141969536,1.04761925652636,1.10967076763967,1.17692363044085,1.27379635324219,1.30706125607981
"105",106,113,1.0804451160821,0.0948648982786826,0.902388741542892,0.932447748653292,1.0136838514301,1.07764087183355,1.14231166172088,1.24494081649677,1.27406375449806
"106",107,114,0.994810800145567,0.0904838048390393,0.826920242111489,0.852326082570384,0.932576052528679,0.990763289431967,1.0527264588201,1.15028375428225,1.18361499171995
"107",108,115,1.01814814142509,0.0890783045019625,0.846674541304056,0.871686921549921,0.955641114197753,1.0175431856852,1.07626599813906,1.16669993842648,1.19657992249414
"108",109,116,1.06283033389832,0.0924356647421172,0.892482737849946,0.916560870613436,0.998885862851518,1.05969326802506,1.12414348997994,1.2192726987314,1.24946759756969
"109",110,117,1.01901870307156,0.0908356172698636,0.850800413502868,0.876242125037852,0.956495981333514,1.01777770893451,1.07824504588745,1.17615875953708,1.20499402537108
"110",111,118,0.997400416191563,0.0895123398897768,0.8305500934222,0.857324981878002,0.934193125611862,0.995105648236024,1.05563558267691,1.15148876665137,1.17947971112579
"111",112,119,1.16353269193851,0.0963189251502691,0.983119119026262,1.00718073404882,1.09609735717717,1.15953912288398,1.22968475478601,1.326255987066,1.35739375167808
"112",113,120,1.37054914177885,0.103118109632444,1.17234093062379,1.20772873582224,1.29945109747228,1.36878008754171,1.44151776074112,1.53669415078285,1.5781573017811
"113",114,121,1.66929915610214,0.114786059925019,1.44262369323025,1.4782725031593,1.59005813812144,1.66949997622044,1.74554185882785,1.86118040821264,1.89815223675133
"114",115,122,1.73435159773783,0.12698520769218,1.49185915603058,1.53313717899423,1.64660227869252,1.73257105528442,1.81672165430496,1.94988638027063,1.99070966012433
"115",116,123,1.91936676677717,0.142109231775695,1.65529634728323,1.6876660715633,1.82012846651812,1.91278671238713,2.01446019376064,2.16010803553813,2.20845983153057
"116",117,124,1.69287539982901,0.134993914735936,1.44143293912612,1.4831901391222,1.59988540912891,1.68694990930446,1.78261324095698,1.9232527526193,1.96725277781089
"117",118,125,1.8188589966698,0.140008882930128,1.57042986948963,1.6014735091517,1.71714635392105,1.81084951334033,1.91111858458838,2.06186335854767,2.11988978926353
"118",119,126,1.70420015359501,0.126681663093868,1.47903182462378,1.50833245602187,1.61550814297817,1.69733583360088,1.78698330070507,1.9231913468586,1.97300113884941
"119",120,127,1.54176882814159,0.110002792551162,1.34676294540572,1.37397734470014,1.46280657488612,1.53504240894366,1.61219835453594,1.73416443226414,1.77474451122452
"120",121,128,1.44400080170466,0.095372701980512,1.27016159813009,1.29615559168971,1.3780798667212,1.440417411741,1.50716529833923,1.6029405436987,1.64284861197281
"121",122,129,1.34762771426461,0.0825385715726362,1.19450849778803,1.21737227318633,1.28983593832233,1.34420173120571,1.40097971530535,1.48861324955358,1.51834599612151
"122",123,130,1.37382549515174,0.0776276390751442,1.23088310197374,1.25142317744724,1.31999412228577,1.37041374573073,1.42603290881427,1.5060042434374,1.53346785925307
"123",124,131,1.27621406769936,0.0687055974674543,1.14674938036324,1.16578342956339,1.23070617849407,1.27363197283862,1.32102696554372,1.3932229814863,1.41482691165321
"124",125,132,1.23564212726117,0.0655385278715348,1.10904363216761,1.13058129680744,1.1906080881703,1.23342185000623,1.27982700117843,1.34695575659936,1.36646125710927
"125",126,133,1.17319752309625,0.0599546089189804,1.06417837385167,1.07824714991294,1.13146824260686,1.17097725712826,1.21273643019827,1.27728372737371,1.29447661450025
"126",127,134,1.19235748968836,0.0589982691732992,1.0788395680855,1.09825917213145,1.15235136754697,1.18978786524471,1.2310078827856,1.29166897976751,1.31401446768905
"127",128,135,1.29890221313688,0.0601852304272556,1.1848565267968,1.20184365177973,1.25758704067209,1.29709704782144,1.33958679357536,1.40096480976886,1.4197250442053
"128",129,136,1.26215407278775,0.0584895179124445,1.14886979115969,1.1677271186624,1.22371944282723,1.26031727717211,1.29975593677222,1.35837996407326,1.38351651301681
"129",130,137,1.22971113969882,0.0582377338021525,1.11898090780367,1.13479468240129,1.18849751846003,1.22913236484994,1.26879014688146,1.32503644368433,1.34667086603882
"130",131,138,1.15389408265677,0.0544144612397334,1.0513743562669,1.06737652962639,1.11752882368068,1.15134591413153,1.18869477764035,1.24681361490468,1.26833223536843
"131",132,139,1.14379837713241,0.0520597761837387,1.04207260141063,1.06064682356417,1.10814577459334,1.1438434552961,1.1792688487698,1.23054770485918,1.24346716127036
"132",133,140,1.14923640106441,0.0499507357739846,1.05819681528393,1.06910019677287,1.11442907441643,1.14738703040825,1.18311574191098,1.23300076095756,1.24948721914273
"133",134,141,1.09678744986666,0.0485969074189989,1.00193338292708,1.01845771827928,1.06367169190134,1.09598883443925,1.1293225502568,1.17634240038939,1.19409907213125
"134",135,142,1.04018588614841,0.0455536177745287,0.953165468922942,0.966730793250892,1.00878322612997,1.03923966482345,1.07077268849258,1.11910300317787,1.13308433612699
"135",136,143,0.93978832928171,0.042634398507523,0.859234518171202,0.873308528796604,0.910049573828078,0.938086732616474,0.968833773816314,1.01219121470242,1.0259415135388
"136",137,144,0.971659404544498,0.0435024900782012,0.887534499575865,0.901371169620371,0.942281968090062,0.971126660578452,1.00052661026041,1.04332162171476,1.05760632202935
"137",138,145,0.945950898612864,0.0440692624373043,0.862977321310228,0.873809671332483,0.914941164065959,0.944971853354292,0.975425407633531,1.01961259092001,1.03326845877986
"138",139,146,0.948765538600282,0.0443363489087067,0.86579884151935,0.877510306346628,0.918845347711366,0.948164512647026,0.978524848054318,1.02153555091154,1.03767838329707
"139",140,147,1.03973235803343,0.044949978248514,0.951205790563846,0.966437144928475,1.00981417436166,1.0396551954929,1.06946348274813,1.11439640233044,1.12695388172516
"140",141,148,1.18510627233716,0.049848976914731,1.08774066841188,1.10603071593432,1.15112260135125,1.18459818229997,1.21824930634043,1.26792124778583,1.28387949590875
"141",142,149,1.25097575475532,0.0498138685898654,1.15570994810813,1.16875388496429,1.21679138700496,1.25044056646627,1.28350993838686,1.33340746941687,1.35055764875323
"142",143,150,1.34123428052668,0.0536814102720864,1.2373447521717,1.2531178249521,1.30519650031216,1.3405669125647,1.37812103173676,1.4314078639544,1.44775808075467
"143",144,151,1.42690006712072,0.0583377627603822,1.31355438805142,1.33302355235967,1.38752189281616,1.425444909712,1.46360245077793,1.52760374127243,1.54646261669069
"144",145,152,1.40974968635311,0.0630178393322858,1.29026944033257,1.30658742568676,1.36653451727402,1.40845832526837,1.45083553303859,1.51346831366973,1.53358669268753
"145",146,153,1.45340852619943,0.0665748907777618,1.32806125460708,1.35042877134435,1.40767464926509,1.45015135426916,1.49667436708758,1.56941676676514,1.58952093392566
"146",147,154,1.50664024123558,0.0676237688960934,1.37912055466433,1.39862839163394,1.45919131570453,1.50478061491716,1.55192781310486,1.62033345460155,1.64192434615613
"147",148,155,1.47289340830374,0.0670820179586401,1.35086332853436,1.36692057863301,1.42495531193102,1.47008153558546,1.51745351893521,1.58756382545769,1.61502605016744
"148",149,156,1.38786723909494,0.0633659856824702,1.27229393597813,1.28927942068283,1.34303610594626,1.38548057727256,1.42997221203891,1.49837199476602,1.52205736717897
"149",150,157,1.3694168312445,0.0595761637402144,1.25982949853544,1.27755080014833,1.32706003035181,1.36670518018681,1.40955618218421,1.47205882069462,1.49176164252098
"150",151,158,1.39356597600657,0.0555564211489174,1.29362610478349,1.30926966994214,1.3529568242818,1.39170528449594,1.42915588993723,1.4905493499248,1.50927324470678
"151",152,159,1.36179149783323,0.0525611031730389,1.26594046416847,1.28040458929441,1.32532655827679,1.35770114204468,1.39695914951689,1.45249968358569,1.47294201931954
"152",153,160,1.34867782249213,0.0514447100626704,1.25589639986916,1.26756703430653,1.31238976081199,1.34752421950497,1.38203499578577,1.43890257674585,1.4586996958952
"153",154,161,1.35437408917717,0.049748903767464,1.26383248129009,1.276289321629,1.32066174391252,1.35205846529113,1.3867984414205,1.43942523047358,1.45843986801949
"154",155,162,1.37663404373631,0.0481028023764329,1.28825310208849,1.30053048803559,1.34277506699162,1.37538851671441,1.40866837014168,1.45637850286125,1.47648937823275
"155",156,163,1.43996333870764,0.0496690306378265,1.3465565692863,1.35996072685118,1.40408317471161,1.43876446125795,1.47239279642032,1.52403303056367,1.53866435888018
"156",157,164,1.50380736791208,0.0522417918538271,1.40464697914357,1.42129447998969,1.46769775071304,1.50189127889384,1.53898964242717,1.59250256177808,1.61214635123206
"157",158,165,1.54370695190868,0.0565243930484029,1.43807951431569,1.45292091442235,1.50495238841697,1.54127234552909,1.58344332651379,1.63864111207183,1.65744040635187
"158",159,166,1.52717007988094,0.0607684326571051,1.41680251000086,1.43114852063538,1.48418886317223,1.52477514191782,1.56842046019951,1.63115959251318,1.65285973067568
"159",160,167,1.47591809364823,0.0600298899634245,1.3693843141503,1.38068409485759,1.43299033953665,1.47358356743825,1.51712954065755,1.58317344366624,1.6031825430071
"160",161,168,1.4532855552387,0.0578247050994676,1.35103138487729,1.36274278296023,1.41130119210672,1.44856422505296,1.49117970908693,1.55489380499506,1.57782127755416
"161",162,169,1.44247786937805,0.0548741161249873,1.34461459502961,1.35824767767508,1.40300951922392,1.4394061941589,1.47910990705209,1.53710527309883,1.56124964900954
"162",163,170,1.42975267752307,0.0517720950228707,1.33651893301623,1.34933192346468,1.39320066340903,1.42746540887297,1.46270786109182,1.52339362701994,1.53979356934039
"163",164,171,1.43672795799393,0.0491976420946173,1.35099000320943,1.36026942274031,1.40100972928387,1.43303766436469,1.46956032540594,1.52383269307284,1.54284599490156
"164",165,172,1.43330519499474,0.0481470061525483,1.3500198397852,1.35941872803629,1.39714099677307,1.43208145650302,1.46525994579501,1.5170186913194,1.53412154767214
"165",166,173,1.42382031081921,0.0481501923818046,1.33779787320143,1.35023838462432,1.3893698688882,1.42039726346111,1.45518143798563,1.5092069521515,1.52529849793746
"166",167,174,1.36358727818274,0.0445523840267308,1.28552206058035,1.29521594340022,1.33181870238632,1.3618440184439,1.39243612781551,1.44029795570552,1.4563092617071
"167",168,175,1.39276155946184,0.0438191598827555,1.31911521861583,1.32737099612347,1.35952094047069,1.39093665275529,1.42117702835265,1.47054780392367,1.48929873660142
"168",169,176,1.37327782514144,0.0413376390069635,1.30306399187371,1.31032239560265,1.34240136309541,1.37105473856973,1.40028727831646,1.4477333463464,1.46160199211944
"169",170,177,1.34068806359376,0.0403077529200539,1.27116962160129,1.27905823693007,1.31149457742208,1.33779608630983,1.36660507164883,1.41317473280717,1.42714699999234
"170",171,178,1.28640032527925,0.0377385901741232,1.21977043085475,1.22892457629743,1.25844681093122,1.28459657551649,1.31054645435246,1.35200483315846,1.36661168816257
"171",172,179,1.21371133137398,0.033278407934843,1.15562932374077,1.16293812628821,1.18951869026508,1.21134498008258,1.23511544389389,1.2734445129139,1.28715589741431
"172",173,180,1.14486710815917,0.0278847801545445,1.09541509361528,1.10156351276042,1.12535734678467,1.14309562455369,1.1630704776242,1.19362622143423,1.20373365210256
"173",174,181,1.07460450820621,0.0234771442393683,1.03163069077519,1.03770328613503,1.0579337808973,1.07332381946773,1.09006457289917,1.11420315311845,1.12335771125152
"174",175,182,1.07183072330032,0.0204998433047548,1.03265385027953,1.03827668084335,1.05790236017986,1.07119602273699,1.08521651905345,1.10667902746202,1.11361373622393
"175",176,183,1.0405338517596,0.0183934112138138,1.00561092151702,1.01024183554612,1.02777954277793,1.04054777508059,1.05254034830409,1.07131665569115,1.07797730452162
"176",177,184,1.05106769541184,0.0177799297944797,1.01740552369125,1.02197048421002,1.03884881382966,1.05062900538369,1.06319412278549,1.08123105763283,1.08624650346998
"177",178,185,1.05092195761062,0.0170599412057753,1.01844297295684,1.02300726391562,1.0395382136162,1.0509787790795,1.06209943760065,1.07918842896037,1.08393463854571
"178",179,186,1.05580507497652,0.0162605055692477,1.02408393822072,1.02894309346703,1.04467035005193,1.05581902737672,1.06659282956519,1.08229188929416,1.08737001472359
"179",180,187,1.03911361107147,0.0161144608467897,1.00742361410035,1.01258425996137,1.02807074204542,1.03922726130786,1.05024530259876,1.06530480430986,1.07047204440167
"180",181,188,1.05338265541094,0.0161024673309834,1.02300175531344,1.02740505226363,1.04200048808325,1.05339430366342,1.0641140315477,1.08037443531124,1.08536023181095
"181",182,189,1.10161797814803,0.0166027572831109,1.06930731973572,1.07415939810823,1.09044362699668,1.10135319381822,1.11263684821669,1.12870293412831,1.13362853538239
"182",183,190,1.1005578723627,0.0163982643240638,1.06930219350803,1.07337242333403,1.08940400734774,1.10071625673965,1.11178028100987,1.12746471574072,1.13289173128947
"183",184,191,1.08418385553713,0.017466066445732,1.05023863606077,1.0552738482677,1.07274251601023,1.08440982203128,1.09581016681814,1.11285833892379,1.11927087788058
"184",185,192,1.06869227533269,0.0171135788006017,1.03547668069073,1.04087258538985,1.05687326359825,1.06867708214191,1.0802438269286,1.0963671682514,1.10170304410724
"185",186,193,1.04809329950987,0.0163555105103518,1.01758623257535,1.02153033065432,1.03667477897333,1.04790719243699,1.05892956008912,1.07625154904865,1.08050410966345
"186",187,194,1.01592844678737,0.0156687384523249,0.985997723910905,0.990324913762713,1.00542505390898,1.01572800780693,1.02622585710756,1.04177890379871,1.04781211276081
"187",188,195,1.03599196224612,0.0152210670760907,1.00532175823281,1.01094094332617,1.02573838469126,1.03628538862833,1.04633976903831,1.06075815254238,1.06520305592785
"188",189,196,1.02808301516777,0.0151752192765222,0.998885186278898,1.00358011167262,1.01776149036053,1.02779540009258,1.03838828681443,1.05269203539148,1.0591130732075
"189",190,197,0.995776884252732,0.0146575009771654,0.96709320158136,0.971658239869545,0.985693830682796,0.995882524109298,1.00551881011867,1.02030989759064,1.02511504489547
"190",191,198,0.992752255478001,0.0146803071787375,0.964192832937821,0.969030062609912,0.982544753732343,0.992872329964714,1.00250811993116,1.01688864905571,1.02128275125941
"191",192,199,1.00701833918214,0.0149414738370077,0.977236716999716,0.982222940987404,0.996803674451183,1.00693891887637,1.01719876598405,1.03171652826824,1.0370650435734
"192",193,200,0.987272643327371,0.0146526750126495,0.960002576785406,0.964466502900398,0.977118751748658,0.986627453268365,0.997192985097115,1.01228512418234,1.01748145186828
"193",194,201,0.983899330954356,0.0145783206201681,0.955308135062021,0.960224845685107,0.974071677082557,0.984060425097442,0.993615407375063,1.00856006482395,1.01251389732785
"194",195,202,1.02221018755873,0.0144571258684536,0.994310582131316,0.998378814180496,1.01248182067141,1.02197238286505,1.03192415512616,1.04630370563156,1.05112742117785
"195",196,203,1.02561487005534,0.0148253287678038,0.997194767142763,1.00130756210984,1.01534634696633,1.02582589483708,1.03555326042235,1.05033642134116,1.05475952570736
"196",197,204,1.05577514211254,0.0150376665445412,1.02699751493511,1.03183633975544,1.04590162877837,1.05529921653088,1.06574600679788,1.08100824833543,1.08631782031557
"197",198,205,1.08906747896691,0.0153857313300528,1.05900757411079,1.06340276240876,1.07906453979441,1.08872766402409,1.09904496412757,1.11454237802622,1.11977081636216
"198",199,206,1.06565079118337,0.0158072537984257,1.0343851520427,1.04015513144501,1.05489559719375,1.06575352852269,1.07680551171214,1.09108227238181,1.09556697393168
"199",200,207,1.06356274108536,0.0158436523304923,1.03237761535776,1.0381174389108,1.05277899067749,1.06357783615294,1.0735298695903,1.08940035274989,1.09590684241152
"200",201,208,1.07899491749903,0.0162410725534985,1.04814624060865,1.05297549791841,1.06812913660561,1.07852082949809,1.09004697845456,1.10584441591528,1.11127482294746
"201",202,209,1.07023206068063,0.016013330123655,1.03912918687625,1.04422926217652,1.05941875911877,1.07040562735318,1.08086311493388,1.09662004504073,1.10172142247244
"202",203,210,1.02622419425049,0.0152485925966491,0.997266732502861,1.00170895851159,1.01582860181076,1.02598430277304,1.03647064071475,1.0515799413916,1.05768784552935
"203",204,211,1.01847861368298,0.0145911683704164,0.990814690303169,0.995198493650805,1.00843953679403,1.01840515021358,1.02826479145081,1.04291728481458,1.04742524336839
"204",205,212,0.974673824838231,0.0139204173319889,0.947878457695741,0.951902347617674,0.96570539503156,0.974521464383083,0.983669020353466,0.997579026454463,1.00209142122125
"205",206,213,0.914083775658578,0.0135278514410132,0.887803163917799,0.891381823265568,0.905038445005767,0.914218513393166,0.923146828965593,0.936166867119532,0.940313412226146
"206",207,214,0.927655058136757,0.0141924009619228,0.899709304165676,0.904578506606675,0.918233553404941,0.927289484056632,0.936997466556891,0.951043995814888,0.955809211276576
"207",208,215,0.893640616628176,0.0146622742518436,0.865812330373871,0.869930424594121,0.883524785613363,0.89340907772845,0.903282254038846,0.918001793862307,0.923223414501219
"208",209,216,0.899446655967204,0.0153187863676827,0.869890513866198,0.874380901760906,0.889079406633265,0.899300954089524,0.91002367586599,0.924547506938852,0.929208402096403
"209",210,217,0.943128726828768,0.015911526836425,0.912055427907501,0.917135975004769,0.932510752826251,0.942985376032114,0.953796255524909,0.969703513139874,0.975001289410511
"210",211,218,1.00426040824863,0.0164125409583768,0.971522700647167,0.977220437755585,0.993473718445931,1.00431093542526,1.01549130582167,1.03098770329286,1.03659780933414
"211",212,219,0.993018521271253,0.0153435024962769,0.962115693019391,0.967339995921182,0.983039810151157,0.993169432772072,1.00336507465141,1.01781960104622,1.02312582196377
"212",213,220,0.997086313056388,0.0148129610052818,0.968765441736243,0.972830475252916,0.986880802834776,0.997015846566612,1.00700906624664,1.02184899397331,1.02638776070785
"213",214,221,1.02524568877655,0.0144928854937898,0.997076207823086,1.00199514497895,1.01542776760808,1.02501004126477,1.03497958018007,1.04953985128888,1.05390753868715
"214",215,222,1.02155132990788,0.0147750150453817,0.99275242003705,0.997322965640054,1.01192295065053,1.02137074931594,1.03161882426894,1.04617218772656,1.05021037888615
"215",216,223,1.04245138075153,0.0153068607676477,1.01292521821138,1.01721323725294,1.0318899878176,1.0422247188274,1.05263057928592,1.06733411031283,1.07319635300242
"216",217,224,1.01842829304559,0.0153728604791782,0.988682996746158,0.992982663420041,1.00797902569382,1.01810802991519,1.02870575738582,1.04399660250209,1.04981387221687
"217",218,225,0.974714392689202,0.0148077658405655,0.945591734904815,0.950441551764742,0.964708972442681,0.974648091110636,0.984981614475807,0.998956116710686,1.00238718072053
"218",219,226,0.931036499341577,0.0138257151418842,0.904642575573174,0.908496839853211,0.921665397342758,0.93088049549255,0.940774679174992,0.952930254740198,0.957785731698515
"219",220,227,0.932138615204049,0.014105227861863,0.904557691087718,0.908860930786467,0.922288515888393,0.932330768041467,0.942065286540669,0.955156252382494,0.958993887896357
"220",221,228,0.934279921892262,0.014851953270803,0.905313566102282,0.910062531303905,0.924019226201123,0.934090451351862,0.944213486006406,0.958928932449022,0.963130210292331
"221",222,229,0.939041435902042,0.0152496226210954,0.90957374537533,0.914098911333548,0.928428684083475,0.939258678765207,0.949464307747112,0.964239243844171,0.969266189208919
"222",223,230,0.936860142436604,0.0154283525039238,0.907536123726441,0.912375712553664,0.926304066376057,0.936513091966575,0.947376217500515,0.962360238557642,0.967875452960794
"223",224,231,0.931929643798994,0.0150519315758642,0.902977600715642,0.907753160134696,0.921817312666065,0.93162335222024,0.941702352409439,0.957430972275623,0.9618868558494
"224",225,232,0.928703895203434,0.0152707301701106,0.898661745680765,0.903208873887269,0.91825426433526,0.928846391624454,0.939216191010902,0.953460085320371,0.958016532491176
"225",226,233,0.932447421021465,0.0151136605312753,0.903103255050453,0.907764860549519,0.92285719064196,0.932113973077305,0.942435829083573,0.957282142033043,0.962683631227366
"226",227,234,0.937001739135444,0.0153310801792304,0.9067675545966,0.911565895482603,0.926541776565401,0.937112312387502,0.947316338634135,0.962423697297272,0.966373203962158
"227",228,235,0.937904963836891,0.0156897800221256,0.907346210877686,0.91236546261938,0.927036750478914,0.93765964169977,0.948782552476051,0.963922532050359,0.968795344189961
"228",229,236,0.946252915808701,0.0152842066941535,0.916916067914859,0.92122019857912,0.936283908978649,0.946190288703812,0.956679058228514,0.971573397613612,0.976236691538799
"229",230,237,0.949558134225303,0.0152204036011488,0.920297590543409,0.92473834302317,0.939366081246811,0.949384879079341,0.959223147321409,0.975287382734455,0.979551973630044
"230",231,238,0.986472725445387,0.0154601280971094,0.957459389654926,0.961297887256987,0.975734427243504,0.986753365251703,0.997219481426804,1.01203835459316,1.0161987755542
"231",232,239,1.02449419939712,0.0160820602206304,0.994059363348575,0.998743813721191,1.01375491527623,1.02412229101056,1.03534059662137,1.05145828039334,1.05609954234802
"232",233,240,1.06975982309314,0.0163096994783003,1.03791741177756,1.04320795412482,1.05856194994355,1.06966415768787,1.08102210957665,1.09664365865744,1.10140500024732
"233",234,241,1.1102539531963,0.0166027796164452,1.07796985727064,1.08350533486895,1.0989499661122,1.1102463129878,1.12158783696507,1.1378876910726,1.14295202256951
"234",235,242,1.13738762338151,0.0180596062068071,1.10214344326775,1.10768001926004,1.12526402086116,1.1372566476419,1.14954733340007,1.16756362688516,1.17266403424931
"235",236,243,1.15099290630823,0.0200534431734074,1.11304317504019,1.11923893345442,1.13708485050506,1.15118895564062,1.16444829102247,1.1840498795978,1.19090933988904
"236",237,244,1.15290418080049,0.0208231042906849,1.11289444770362,1.11848890883377,1.13847553912643,1.15336375097971,1.16731201798263,1.18616904753128,1.1934647644532
"237",238,245,1.15308427062431,0.0216019001600407,1.11161457490575,1.11770373226684,1.13807641252646,1.1524058579708,1.16814775616737,1.18876290410355,1.1960353743998
"238",239,246,1.12678273058095,0.0209919445604222,1.08640192020857,1.09217802132425,1.1119964702817,1.12703562555252,1.14139353506185,1.16111043349029,1.16823370043969
"239",240,247,1.10368000111812,0.0199008316893425,1.0655631197773,1.0724545071906,1.08970791386952,1.1031255492147,1.117072834261,1.13767608115213,1.14387125534666
"240",241,248,1.07016589495646,0.0181623727742311,1.03660253786639,1.04179403435746,1.05705644411293,1.06970412291832,1.08250284714767,1.10103070194476,1.1060358845626
"241",242,249,1.06062303826616,0.0168655584388202,1.02869112329646,1.03316583459286,1.04923117556418,1.06054060175358,1.07150286632268,1.08790584277971,1.09409553346709
"242",243,250,1.06062971744859,0.0157115005880437,1.03065188286817,1.03497704208512,1.05009963227004,1.06069404597291,1.07130021022853,1.08672080873433,1.09139197747674
"243",244,251,1.05847643777845,0.0152995821261453,1.02775569728407,1.03274990436721,1.04800711766005,1.05885149530221,1.0685345600027,1.08439319719521,1.0891434411456
"244",245,252,1.06516843079103,0.0151798812911972,1.03529047092624,1.03975515210155,1.05481593438441,1.06498440031007,1.07588260068627,1.0896067958955,1.09417200755154
"245",246,253,1.06416037017623,0.0146530267586543,1.03541216776298,1.03970810039761,1.05451445584733,1.06398293091361,1.07395803750865,1.08853277033282,1.09224465022387
"246",247,254,1.07183386212098,0.0149226432777672,1.04295463797417,1.04747648071818,1.06160196695077,1.07190039218843,1.08183852498174,1.09727509434901,1.10182856149071
"247",248,255,1.07837564115866,0.0147670972242034,1.04867360462206,1.05387793815138,1.0685806397944,1.07819826206294,1.08837365161036,1.10290987341184,1.10763150716194
"248",249,256,1.08896587448072,0.0150906251445103,1.06064886797105,1.06482965492499,1.07877996850491,1.08816198894325,1.0991223536205,1.11424117127559,1.11965552787752
"249",250,257,1.07755413730906,0.0151391023964825,1.04854872104222,1.05274739528081,1.0673366928311,1.07771747772588,1.08739141895756,1.10260805699881,1.1070689568812
"250",251,258,1.06443729402675,0.0148793083011672,1.03623995598054,1.04029660584781,1.05444455819906,1.06416619810627,1.0741185213497,1.08929840791643,1.09392161779657
"251",252,259,1.05731006110363,0.0148650121471046,1.02900330891383,1.03363731488996,1.04674449043622,1.05714333234579,1.06713659578241,1.08163723403941,1.08654494748049
"252",253,260,1.0512301376596,0.0142430549776868,1.02301962342304,1.02786093073606,1.04177195238595,1.05128109295106,1.06077792949482,1.07484828394717,1.0791265893361
"253",254,261,1.04695678533356,0.0141319072630908,1.01938416130739,1.02363040138816,1.03745131724803,1.04704360127349,1.05651058000382,1.07034135964425,1.07455551193225
"254",255,262,1.04443688523016,0.0137801902747684,1.01816488239507,1.02140925589426,1.03507676099215,1.04424656387631,1.05371626654511,1.06702395421942,1.07140000766106
"255",256,263,1.04960505239059,0.0139278338326183,1.02252188476087,1.02668399908123,1.0402573325271,1.04974587889781,1.05901225867389,1.07223975157055,1.07707037345265
"256",257,264,1.05430273473427,0.0136426626888942,1.02709286910825,1.0318936840568,1.04543704376046,1.05390983962859,1.0636796762018,1.07685610508935,1.08044543904132
"257",258,265,1.06387592660298,0.014074492582936,1.03607213676185,1.04157428849173,1.05430131682626,1.06370725479079,1.07345259557341,1.08801781221344,1.09094441112032
"258",259,266,1.07278866475161,0.0134492252514861,1.04656789613596,1.05078654172191,1.06407413541166,1.07250977895637,1.08129788251693,1.09582074570224,1.10018218399892
"259",260,267,1.07938415861333,0.0143086605423303,1.05225804224347,1.05643175597937,1.06925019635667,1.07929029873515,1.08937432021658,1.10283413338677,1.10727813328572
"260",261,268,1.08527868067553,0.0144266566347391,1.05745818972789,1.0618180003479,1.07542323113269,1.08509730493119,1.09526984115015,1.10911085954224,1.11336844741058
"261",262,269,1.09246718709909,0.0146436784482991,1.06388297526506,1.06849216693499,1.08233921577275,1.09228284571621,1.10243779811153,1.11701566696057,1.12169589481818
"262",263,270,1.09547778169968,0.0152976091096786,1.06590396369224,1.07058133080788,1.08516233954014,1.09526005041786,1.10597202582822,1.1208085989323,1.12631768421506
"263",264,271,1.08534008871871,0.0148600803541275,1.05680836617992,1.06068161529211,1.07508392330486,1.08562191484232,1.09550621893931,1.10937098017117,1.11441666618338
"264",265,272,1.07107519571844,0.0149913453349552,1.04305385532866,1.04702149221127,1.06072496863906,1.07085410883043,1.08135194127902,1.09672460329036,1.10099494180914
"265",266,273,1.05281537976401,0.0144291191495835,1.02538343922185,1.02936870483595,1.04291935133903,1.0526167444543,1.06236177499544,1.07709099301642,1.08157420626586
"266",267,274,1.04028154647118,0.013434460964041,1.01469487650916,1.01867789693649,1.03092341273791,1.03989624782352,1.04931124589042,1.06302079988241,1.0679534756477
"267",268,275,1.03057359392906,0.0130314801340539,1.00516238001263,1.00945198136634,1.02165901613054,1.03062518869205,1.03911041113264,1.05229390065575,1.05662408091437
"268",269,276,1.02844831567288,0.012821238380503,1.00332384163296,1.00776226579104,1.0196286330302,1.0284681320696,1.0369545738216,1.0494175104,1.05349300515216
"269",270,277,1.01998320344028,0.0119300738600991,0.996509829516206,1.00013196030049,1.01211768855909,1.01974992689859,1.02810987545753,1.03970073545712,1.04289513280016
"270",271,278,1.00870428207276,0.0120523302259708,0.984928561125751,0.988896690373793,1.00063691790565,1.00859044812399,1.01669445636855,1.02861355510739,1.03256974502075
"271",272,279,1.00168818969922,0.0120436869722151,0.977815620492278,0.981200372777236,0.993755404064016,1.00181941019828,1.00977207581186,1.02092151003855,1.02539671649184
"272",273,280,1.0003172324608,0.0120416663826856,0.976141394193053,0.980629987118887,0.992216350897129,1.00014022919163,1.00836160854229,1.02011978457661,1.02316340770435
"273",274,281,0.997573098114599,0.011980157995005,0.973750561906826,0.977552296903659,0.989689533569731,0.997872241251209,1.00570635274911,1.01704032319723,1.02091682877861
"274",275,282,0.988254314852441,0.0119868089151219,0.964664266858619,0.968387351563913,0.980005278292268,0.988207687500583,0.99615321448621,1.00817823451881,1.01157494018035
"275",276,283,0.984553663061305,0.0121018133226441,0.961330295629075,0.964818536517928,0.9763460116127,0.984567383833291,0.993063787602807,1.00409833853144,1.00770205621066
"276",277,284,0.96762400806492,0.0116980589324823,0.944834880887683,0.948211666695556,0.959699165461768,0.967679660585866,0.97514500023741,0.986970209429384,0.990756171076106
"277",278,285,0.966855026768921,0.0119067392186308,0.943737814579737,0.94756237238261,0.958784608085376,0.966752052521345,0.974841226883317,0.986350121478014,0.99036262164893
"278",279,286,0.966935868057606,0.011970048401253,0.943953920754202,0.947278778999147,0.958860751313957,0.966809333090881,0.974909785277359,0.986438396268406,0.990400806625322
"279",280,287,0.966683131707708,0.0123886284624592,0.943190745376419,0.946753189304315,0.958292178522284,0.966285807354823,0.974939400255705,0.987466231604369,0.991606875050447
"280",281,288,0.96958280401967,0.0121131634060793,0.946356444852254,0.950324917267883,0.961093720776428,0.969509448738954,0.97779400512414,0.989690034963806,0.993477021882242
"281",282,289,0.978760614876374,0.012426466626331,0.954781998211958,0.959120029831302,0.970155076220072,0.978459227359378,0.987329424494701,0.999576153845402,1.00290076397595
"282",283,290,0.984701239127232,0.0125123323533331,0.960362129292202,0.964010679005271,0.97627391777668,0.984571679614895,0.992896676710606,1.00527749221842,1.00931335075704
"283",284,291,0.969152228644105,0.0122420998114856,0.944677320025573,0.94897873784138,0.961050865276349,0.96915021899389,0.977582816812534,0.989050511547343,0.993001489317857
"284",285,292,0.961142461878046,0.0122561915461657,0.937358062449103,0.941165963003005,0.953073786014482,0.960926821070966,0.96950542841084,0.981490486651472,0.986061496295476
"285",286,293,0.94552748307721,0.012107700754177,0.92168405610571,0.925597999001134,0.937242542126622,0.945570254326148,0.953849293727151,0.965120705823584,0.968543646560337
"286",287,294,0.946594896050941,0.0123961532536516,0.92193291746856,0.925942245831229,0.938410871226636,0.946511464763477,0.954896732622279,0.966908502896967,0.970536127312702
"287",288,295,0.956989271138524,0.0128076045326248,0.931592580372009,0.935751826064882,0.948469065223752,0.956963401655606,0.965589259827538,0.978066201910027,0.981789055260838
"288",289,296,0.952661502714678,0.0125365310358464,0.928711099513215,0.932550181831121,0.943946938631782,0.952927374282917,0.961210197801536,0.972309930119649,0.97665517351864
"289",290,297,0.958027805709556,0.0127283883190547,0.932564032625251,0.936964040742652,0.949342631243018,0.958242265014756,0.966931105031278,0.97850256509879,0.982590418557084
"290",291,298,0.96714123782989,0.012821752983849,0.943041722950145,0.946917336051537,0.957979793590392,0.967243617822544,0.975810535029985,0.987943668998709,0.992088431533692
"291",292,299,0.990558538420073,0.0129284179960833,0.96515193852376,0.969654648130958,0.981606566241162,0.990645069823208,0.999351457452817,1.01194670090557,1.01590103480181
"292",293,300,1.01164477188558,0.0127665018661957,0.987255708500117,0.991141243544936,1.00264422111645,1.01159327991734,1.02018073675331,1.03240960393261,1.03659137128812
"293",294,301,1.03798663091643,0.0127207840955464,1.01290373595138,1.0164253101031,1.0296730946751,1.03824842884653,1.04645465725837,1.05889400066677,1.06305118396697
"294",295,302,1.04347233532742,0.0129738727043684,1.01864742274233,1.02253088869058,1.0347036050303,1.04334143779738,1.05226658512554,1.06519649160157,1.06916126925538
"295",296,303,1.04198905033862,0.0135001962174217,1.01633067541905,1.01988463924064,1.03301341930843,1.04184116206868,1.05077394481908,1.06461657010955,1.0694088105981
"296",297,304,1.04832516541594,0.0137901214783096,1.02161147733369,1.02527638467421,1.03923630074565,1.04845727575652,1.05728361759486,1.07134715067984,1.07637009065793
"297",298,305,1.03666839738519,0.0134677593629973,1.0103624128484,1.01349848182874,1.02773190745932,1.03650694643842,1.04575462660416,1.05891331459147,1.06275957192843
"298",299,306,1.00498102233579,0.01298343514011,0.980001935258997,0.983702491593989,0.996170372567698,1.00487422631672,1.01396286195397,1.02628169260031,1.03007278055781
"299",300,307,0.997858709497977,0.0126963066300159,0.972940785928824,0.976966685410546,0.989428258195287,0.997888026451626,1.00651702553779,1.01865853747978,1.02224918893782
"300",301,308,0.977863442093405,0.0121556311972602,0.954632569938294,0.958367179339492,0.969542168526123,0.977884644684868,0.98572630308841,0.997773963892944,1.00245224608682
"301",302,309,0.955386460230867,0.0121024233732983,0.931354672364717,0.935106319088277,0.947423902075199,0.95511593025757,0.96346665652795,0.975420119867557,0.979343854343967
"302",303,310,0.935307988887944,0.0121910198199185,0.912791020108905,0.916176689642904,0.926872346409931,0.93504805835951,0.94351351229863,0.955791416899476,0.959716810059692
"303",304,311,0.922540201218762,0.0127688911463374,0.8976410671102,0.901456154800258,0.91354558928107,0.922873935604486,0.931107257443311,0.943698768183476,0.947969400115587
"304",305,312,0.917834501367976,0.0133784818087129,0.89203689973851,0.896227861344531,0.908362262093308,0.918025787851389,0.927061138402218,0.939712830520901,0.944101184863032
"305",306,313,0.894046231675363,0.0133747520995428,0.868019915355215,0.871721886542114,0.885059280178865,0.894387760116699,0.902937655782397,0.915708291092322,0.920488490797368
"306",307,314,0.896367482163197,0.0139547423889555,0.868934008448445,0.873527028694229,0.886789061515895,0.896554823964207,0.905514210798996,0.920227609734083,0.923845308376127
"307",308,315,0.90450625430377,0.0146948613116897,0.876234806421299,0.880552138039338,0.894120029768121,0.904617267027943,0.914747936035767,0.928629783603449,0.932882157380755
"308",309,316,0.907660270338757,0.0143643349796218,0.87962037660638,0.884290850100439,0.898069577742988,0.907756463392765,0.917099749505813,0.931644860283416,0.937075730877111
"309",310,317,0.915605138431204,0.0144732448831457,0.887148879329392,0.892102155090785,0.905756824353126,0.915675524527665,0.925495557902504,0.939149931322212,0.944316730065047
"310",311,318,0.922602515891482,0.0140714189811058,0.895818311227026,0.899764615003751,0.912880615070737,0.922487621491882,0.931898322293747,0.945461998193206,0.950882242659289
"311",312,319,0.923835673142376,0.014266877224509,0.895499050580244,0.900781799323169,0.913950702606376,0.924043853947332,0.933155906813946,0.947074835248007,0.952194703954861
"312",313,320,0.873381590232083,0.0133864654460183,0.84812730129826,0.851927987056909,0.864227028958353,0.873395143055684,0.88258207087368,0.895869375334648,0.89842120568024
"313",314,321,0.8766806257377,0.0139428144032647,0.849317580233776,0.853445372014368,0.867487007943116,0.876534444593248,0.885584332740572,0.900264374009243,0.904656557622451
"314",315,322,0.885204265805478,0.0149173325852319,0.856230102237989,0.860465641246038,0.875241364953904,0.885038873652417,0.895413410190074,0.909896696175495,0.914216807229956
"315",316,323,0.859754944049204,0.0149252455785363,0.830805347270521,0.835245524359055,0.84964128528364,0.859868397350913,0.869903722743914,0.8845203009476,0.888835626006956
"316",317,324,0.862938397435302,0.0152454626315593,0.832164447796741,0.837503067760287,0.852844670337876,0.863112887256893,0.87318537903399,0.887471116241408,0.892487839947194
"317",318,325,0.849153354991625,0.0157031048123632,0.818496236530458,0.823480689998685,0.838729716458023,0.849211823125964,0.859582572197409,0.874602273367805,0.879726263643939
"318",319,326,0.827924299121392,0.0156462461018873,0.798493371868427,0.803181853863421,0.816592998278367,0.827678517395722,0.838397231441465,0.854130925417409,0.858883546061035
"319",320,327,0.776549962501027,0.0159248085685572,0.745665557110881,0.750843234007954,0.765642571758391,0.776543471578491,0.787389985400871,0.802823462517045,0.808075325595164
"320",321,328,0.792817206754705,0.0177900006356026,0.758238806747845,0.763509508040797,0.780728614922835,0.792604507711571,0.804701759094645,0.821534150732183,0.827039775398982
"321",322,329,0.797287740553847,0.018963731481239,0.760180538504766,0.766031511525903,0.784427801700056,0.796664302695019,0.810582283108747,0.829007037812386,0.833447031665472
"322",323,330,0.785259066766774,0.0190664589442562,0.747519762200213,0.7532729345994,0.772811109700202,0.785318752885028,0.798243642924623,0.816076580430136,0.821788344804481
"323",324,331,0.785704678405315,0.0191636810162232,0.746605612406323,0.753434424429971,0.772582269503632,0.786548884191067,0.798908839311535,0.816236993014283,0.821115737357273
"324",325,332,0.754428940130064,0.0189318101721399,0.71641154577935,0.72248908125058,0.741538330852433,0.754626456249269,0.7677113511291,0.785851710618528,0.791533639850593
"325",326,333,0.748373651819294,0.0195531098904582,0.710876494927292,0.716707384723491,0.734807373527863,0.747972808743951,0.762372831416353,0.780454171723871,0.786647327986493
"326",327,334,0.739973408435196,0.0200381482406593,0.700647297410627,0.706836441476474,0.726231344891543,0.74059749928731,0.753858298602214,0.772690794786588,0.778970639931315
"327",328,335,0.784048009039231,0.022057302177751,0.740157775975806,0.746885679010981,0.769454076952421,0.784249149086308,0.799165125690965,0.819146416213615,0.826287869661853
"328",329,336,0.812104117904855,0.0222316673167102,0.76647536270592,0.774130893836834,0.797813042294145,0.812740666023957,0.827599762559998,0.847811103597982,0.852723502128092
"329",330,337,0.812136239925019,0.0214495466036863,0.768739421396534,0.776085398810832,0.797517996814667,0.812273953215706,0.826954467226374,0.847550520260274,0.852543903448068
"330",331,338,0.801714910026556,0.0209971471365331,0.759837905212067,0.766321227365243,0.787993118929631,0.801672112087445,0.815892233173476,0.836454058820285,0.84224189423292
"331",332,339,0.778829085249341,0.0204834553638816,0.738811888645632,0.746237735271639,0.764069041797137,0.779223908319914,0.793267638933088,0.811908488590674,0.817575445925685
"332",333,340,0.80371110961295,0.0208065373215142,0.761850007062169,0.769575592482828,0.789751146177304,0.804070501880288,0.817691987351096,0.837631619502196,0.843272777649404
"333",334,341,0.775267577007735,0.0211309735500025,0.734449601173589,0.741084339308472,0.760312134628654,0.775912364595584,0.789433167394657,0.808810542043778,0.815984286565174
"334",335,342,0.795057608381242,0.0214247138811353,0.754503345553573,0.759945083468347,0.780283645294544,0.794981085063853,0.809587134266945,0.830766657468057,0.838554582022635
"335",336,343,0.799622056206055,0.0222897241819084,0.757002231549182,0.763020722068716,0.784718044773541,0.79983277608103,0.814563921539794,0.835689068439644,0.842260488921442
"336",337,344,0.789669067853793,0.0225301926698006,0.745126822902051,0.752370642474936,0.774535414319216,0.789477910381126,0.804764550411479,0.826486675407488,0.832796962720817
"337",338,345,0.806035586597729,0.0228017900551778,0.76174462759399,0.768050125243412,0.790939451045333,0.80660575866883,0.821632890284026,0.843403128071979,0.850115280293989
"338",339,346,0.836532992401807,0.0234784247311747,0.789906744709178,0.796610922966877,0.820254088956134,0.836918621084265,0.852537426275324,0.875174137948942,0.881582819311695
"339",340,347,0.870443857846229,0.0240059893337765,0.82440190205868,0.830901355342678,0.853841170259167,0.870357169518573,0.887006835237502,0.91046126494337,0.916543423180752
"340",341,348,0.854063541673392,0.0233163228815379,0.809186268552142,0.815583551190064,0.838514235138096,0.85400167874902,0.869946138860124,0.892534485468701,0.899955882457086
"341",342,349,0.90178465738572,0.0242586876652562,0.855057589152784,0.863358058596915,0.884926682100015,0.901495688934251,0.917963606548801,0.943413863451492,0.949853948912013
"342",343,350,0.944528849953154,0.0242200677233901,0.897097204158458,0.905742084485983,0.928234220490319,0.944070102311215,0.960783936456575,0.984689592379843,0.992666020860066
"343",344,351,0.932171172336258,0.0235182391177315,0.88763015732103,0.894896254447373,0.9160960746923,0.931445011048865,0.947745678959049,0.971543005158222,0.978958437836832
"344",345,352,0.925904293342586,0.023257127340788,0.881657884548837,0.889103151504581,0.910128450927077,0.925840265330274,0.940947234882141,0.965093889285356,0.972959991734949
"345",346,353,0.901350067648146,0.0231025903731869,0.856912517679624,0.862993426721426,0.885918067716453,0.901209465583565,0.916602866823954,0.940208081813581,0.946742206426816
"346",347,354,0.881736112711908,0.0225984889336329,0.837672515449457,0.844072360576049,0.866451057794444,0.881926351538259,0.896895174275077,0.919383469955784,0.925929928928717
"347",348,355,0.842551420723087,0.0225243747323043,0.799615842668169,0.806541926407084,0.827232320084507,0.842291803801306,0.857759329205348,0.879288650408562,0.88862571191524
"348",349,356,0.835169059218124,0.022570881207486,0.791229202862157,0.79879587460254,0.819786866524176,0.835363130847249,0.850362049546883,0.872694712867386,0.878944898738735
"349",350,357,0.793054508212255,0.0235305380735388,0.74667771214368,0.754367710476357,0.777112435528023,0.793349930904491,0.808892695151439,0.83119154826413,0.839249948626574
"350",351,358,0.719560747045319,0.0224038346810765,0.675538821975222,0.682743357844897,0.704399713319661,0.719693604181837,0.734638511205623,0.756318794871277,0.762530092237847
"351",352,359,0.703357871800494,0.0246892534887675,0.656757778825193,0.664849121884272,0.686387905794998,0.70308075133166,0.719092036664669,0.745553609594359,0.754322067377095
"352",353,360,0.702572323490952,0.0273519428813711,0.650662728144643,0.658908358326636,0.683824754063338,0.701359779713783,0.721356689619562,0.748981760389229,0.757565110257224
"353",354,361,0.70369779529775,0.0284227590230595,0.648178119822724,0.657306630345123,0.684654486629368,0.703862476676636,0.72282285104233,0.750499665712258,0.758616885518506
"354",355,362,0.678697064112804,0.0280864705894199,0.625104126305359,0.632812595247653,0.659356861088853,0.67852955085866,0.697475222752664,0.725530986702357,0.734925665846266
"355",356,363,0.69159028601222,0.0295428471048685,0.635841030888299,0.64378812506861,0.670700368458338,0.69205716090186,0.711874384325068,0.739235070203635,0.749404813864822
"356",357,364,0.684115116965381,0.0301974310857042,0.626406118239751,0.634315560003368,0.663684325337387,0.684392661164644,0.703811530054665,0.73521339742655,0.744370197879342
"357",358,365,0.705006148389641,0.0314869550615413,0.645276571521535,0.654368312522155,0.683278925163942,0.70395798155019,0.726445185800384,0.75672183457531,0.767832118090748
"358",359,366,0.731340828463518,0.0314318847557005,0.670550849411134,0.679909753509109,0.709800901409421,0.731100230965523,0.752119206362005,0.782831448783118,0.792106096826965
"359",360,367,0.748993531195375,0.0327177755319579,0.68653793223708,0.696219031545844,0.726270734539674,0.748555820759962,0.771385502218856,0.802966431341382,0.813544572864886
"360",361,368,0.717025089634255,0.032112955028125,0.654491378142049,0.663909275964472,0.694759349001912,0.717769428288655,0.739408683574278,0.769109284649927,0.779091872462221
"361",362,369,0.668598953237561,0.0309392602237495,0.610598808010321,0.618058640009891,0.647329582836185,0.667942953411119,0.689505499255315,0.719969960014663,0.730129956152205
"362",363,370,0.684269562389198,0.0329845649364405,0.620564779559483,0.631682330751347,0.66194186062371,0.684090300592499,0.706505715394363,0.737866360832754,0.749343746268572
"363",364,371,0.68790591459462,0.0346642085991861,0.622270112369166,0.630761984908008,0.664054613193858,0.687705773339157,0.712170511921612,0.744735800779679,0.754573357881341
"364",365,372,0.732709570435068,0.0367110383667421,0.660934402571251,0.671739436613484,0.707565141471362,0.733039151517112,0.757034792692711,0.794681180972275,0.805673504285835
"365",366,373,0.728105674045254,0.037048587756278,0.656535999674481,0.665891630629282,0.703466106798578,0.728182686306438,0.752534803125812,0.789018437290745,0.800036213749651
"366",367,374,0.715086288663064,0.0374256337887625,0.639402407094224,0.656062954284441,0.689998957467166,0.714250107632486,0.739760231466868,0.777420812659432,0.790862543098464
"367",368,375,0.689630296339055,0.0363264422527242,0.618543265231013,0.631611735245967,0.665077313608711,0.688513284711468,0.713642425200342,0.749577277339076,0.761653809292371
"368",369,376,0.697117520634334,0.0376040603574438,0.626074437341847,0.635650285275243,0.671052041761296,0.697077655118108,0.72226557354608,0.759987366087105,0.772347714099418
"369",370,377,0.698360104974825,0.039648284949832,0.622142952738034,0.633831817788566,0.671939036104323,0.697274116616545,0.723107923085079,0.766633348372818,0.779037382230764
"370",371,378,0.753636872181793,0.0424375600762727,0.673199383534781,0.684803220844437,0.724776097211411,0.752672343526722,0.78211454050276,0.823333214302119,0.838221622975306
"371",372,379,0.835010729502426,0.0451037277633851,0.749057077036067,0.763195072722187,0.80371852174781,0.834493438623145,0.865059109869208,0.912416812249485,0.926031679302987
"372",373,380,0.850434560847992,0.0453655885423797,0.762806881250086,0.778569745697219,0.819438791958331,0.849011661495781,0.881234714902532,0.926065834025215,0.942885075844887
"373",374,381,0.910832944838532,0.0471367281198633,0.82103756168175,0.835016710089461,0.878692523450829,0.910222002805528,0.94220880976442,0.990792078718897,1.00514374874185
"374",375,382,0.962247476617236,0.050235618710567,0.868453478347079,0.881310982133536,0.927021933277423,0.960992159767154,0.995651042546938,1.04637699293106,1.06352164196179
"375",376,383,0.970813060592198,0.0488067401450708,0.882530751870454,0.895309441377696,0.936452722485075,0.969042490362985,1.00335351414545,1.05289364111949,1.07074868107437
"376",377,384,0.987651501744877,0.0492860734724835,0.892854014976149,0.907892179757754,0.953262326108663,0.987761442206983,1.02066420593539,1.06911022153474,1.08588426886293
"377",378,385,1.0062474926145,0.0497399264747593,0.912567812704451,0.926371989067166,0.970892298347069,1.00505886842273,1.04058798232805,1.09055142626022,1.10270105342112
"378",379,386,0.932217000805491,0.0483803916819725,0.83983796387782,0.8544038573644,0.898210563125115,0.932087081972463,0.963531936111319,1.01201886528375,1.03091871394432
"379",380,387,0.91001447936498,0.0470234323910721,0.820423981156121,0.834520415684655,0.87700589277387,0.909696135433561,0.941678915681328,0.986916577609903,1.00277663414773
"380",381,388,0.916922340235534,0.0470130836183108,0.830248386431491,0.84149470911547,0.884041035157214,0.915647070179629,0.94799010022686,0.996737860963302,1.01151213454058
"381",382,389,0.900363349707499,0.0475957851113949,0.807936829674044,0.822724353187734,0.868078261290225,0.899415117046329,0.932221006651863,0.978515449800955,0.99428358296925
"382",383,390,0.866540017001177,0.0480141524748139,0.776017692570189,0.789459202419908,0.833825241916954,0.867443920268793,0.896965324152089,0.945740305521604,0.96105417248084
"383",384,391,0.929068608714599,0.0499751076053216,0.833959013419916,0.848167722201725,0.894522684693993,0.928490271858307,0.963778098772793,1.01029624560945,1.02708649407715
"384",385,392,0.952747311348541,0.0495409789224346,0.859428086922106,0.874869897706021,0.9190617273803,0.951876144756181,0.984875291193887,1.03747291035255,1.0526573371557
"385",386,393,1.0135288765281,0.0518749931603889,0.912456581684316,0.928668377814017,0.978114562951426,1.0124151825384,1.04818741125162,1.10094223986433,1.1203788702735
"386",387,394,1.1249973759869,0.0537873957043273,1.02240513695265,1.03819590247238,1.0889774269527,1.12351992404994,1.16070178788503,1.21283667855743,1.23245775775793
"387",388,395,1.07827300785427,0.0540790692785876,0.974459206373921,0.990412522254143,1.04239873385248,1.07542109182621,1.1153761435009,1.16862228899666,1.18505221801666
"388",389,396,1.0871058242339,0.0546152705896999,0.980667839629437,0.997475807273909,1.04992515502513,1.08648460688073,1.12378436774433,1.17942097285954,1.19660318817264
"389",390,397,1.06751330944307,0.0538551078330625,0.965210120471736,0.980063390255379,1.03018062761635,1.06661591999714,1.10406404131789,1.15759847807272,1.17542858744092
"390",391,398,1.0438852014054,0.0511141104565029,0.943057833002234,0.958223261599783,1.009734822766,1.04406186178855,1.0785990694175,1.12630469958845,1.14343357184178
"391",392,399,1.02597974223807,0.0508309455024409,0.93366951528165,0.945822818521763,0.99054679735108,1.02405211649704,1.05995339295636,1.11279856931717,1.12853510556462
"392",393,400,1.02402364104494,0.0511503610594742,0.929577987875201,0.941381910478448,0.988530104936843,1.02281118871275,1.05829927680002,1.10858672211771,1.12604254201094
"393",394,401,1.06744493130942,0.0516763582239177,0.967816419873958,0.983339243733022,1.03293740581521,1.06750803886718,1.10157679426728,1.15253149241004,1.16820873921347
"394",395,402,1.02586529592034,0.0511661190216599,0.928373369172408,0.942297347449018,0.990701794304379,1.0251175742396,1.05921612091664,1.11329655523787,1.12918564557315
"395",396,403,0.990942603449254,0.0505874657178635,0.895599375136355,0.907855623679966,0.957055605218153,0.990116196894253,1.02442100585975,1.07407611211684,1.09037845750985
"396",397,404,1.02731478926806,0.0513653781135335,0.931437064991432,0.943721672538972,0.992575949878911,1.02482822352469,1.06152630443714,1.11178333753694,1.12964495680788
"397",398,405,1.029573520171,0.0496155972514891,0.935718953682851,0.949217524038619,0.995364949920974,1.02852411516896,1.06271195693887,1.11116767100852,1.1288139558472
"398",399,406,1.07969312918342,0.0510918314149063,0.98206670575355,0.996619806314428,1.04541936007995,1.07914913720651,1.11429087473024,1.16397138447038,1.18126391663679
"399",400,407,1.06335260545175,0.0521753807746446,0.960121165919321,0.97995919018924,1.02790697654065,1.0619705829758,1.0978435789786,1.15071064827427,1.17061971178561
"400",401,408,1.11440196197009,0.0518258157761075,1.01484055757196,1.03092621187616,1.07847791596606,1.11388509084759,1.14951852174049,1.20046882659863,1.21797322024351
"401",402,409,1.11078774710971,0.0508829515206042,1.01143230691744,1.02815991264921,1.07548600648737,1.11050447449737,1.14468752310444,1.19369850615495,1.21353107562268
"402",403,410,1.1807311589606,0.052898246856296,1.08268069768943,1.0954245998128,1.14454375887335,1.17957958064774,1.21491343497525,1.27129855270464,1.28895129697696
"403",404,411,1.20871821442284,0.0526294892342766,1.11067632156714,1.12396012103305,1.17192167139753,1.20690170524529,1.24415614592044,1.29618510412439,1.31562269402817
"404",405,412,1.17352089480756,0.0531807309636909,1.07128857855586,1.088791967623,1.13706797670951,1.17153991120674,1.20928409469687,1.26350800329821,1.27928023876406
"405",406,413,1.18653492274911,0.0530859543721852,1.09020511835037,1.1009912962907,1.14924219283899,1.18449174759493,1.22223504027644,1.27642158059882,1.29512911176994
"406",407,414,1.17380282089192,0.0524994368718799,1.07302612329765,1.08954259238372,1.13833146890413,1.17268124173793,1.20763943026568,1.26215904400683,1.27950066888457
"407",408,415,1.22790484589227,0.0519660043665387,1.13089878524354,1.14350420987944,1.19114651615929,1.22715642818568,1.26316212424918,1.3130854042264,1.33006515897146
"408",409,416,1.24457230302956,0.0520199928542057,1.14444108698139,1.15960527774264,1.20838329527914,1.24373942639452,1.27852308104424,1.32978993814294,1.3474963349473
"409",410,417,1.23668901442454,0.0517033568470124,1.13573480148428,1.15148951631114,1.20090985639876,1.23585302854697,1.27156367873539,1.32148746441342,1.34051070066141
"410",411,418,1.17123353527796,0.0488968464343777,1.07763604434317,1.09154761974819,1.13830356220652,1.17086983029292,1.2036401594046,1.25275524575345,1.2657252122944
"411",412,419,1.23540048829564,0.0498721894647699,1.14014163180934,1.15410688785605,1.20254535015708,1.23509903763676,1.26869400589597,1.31784470648263,1.33487062533341
"412",413,420,1.26539044344598,0.0488109626513511,1.17445755035122,1.18846565277664,1.23190085189238,1.26362140411919,1.29766438305858,1.34761363124071,1.36601729705842
"413",414,421,1.28243407088652,0.0497208513534829,1.18534323545797,1.20089287086347,1.24911764041834,1.2812867938876,1.31565362746334,1.36771415355798,1.3831347253449
"414",415,422,1.34827862832332,0.0523521790771473,1.246432465907,1.26580098042661,1.31156355134388,1.34825708850845,1.38352822182016,1.43490454848428,1.45489848487156
"415",416,423,1.40503798037883,0.0541943407240568,1.29920637154668,1.31420603117974,1.36898969869917,1.40446847497031,1.44089969293876,1.49316330564159,1.51177956416292
"416",417,424,1.45670076517881,0.057521772226201,1.34224193406403,1.36129075472692,1.41775937710756,1.45616403931126,1.49427594309934,1.55385616509475,1.57435532708107
"417",418,425,1.44683025720335,0.0593706189396527,1.33801453112783,1.34954529200436,1.404499856083,1.44589901518516,1.48571529250307,1.54891272698823,1.56593275910007
"418",419,426,1.42824869359383,0.0602930504669293,1.31381186814327,1.33202661712508,1.38744509907535,1.42647059801457,1.46721050211113,1.53104867787491,1.55067947681926
"419",420,427,1.42903798966126,0.0601293884592312,1.31797544971251,1.33483546608808,1.38690025297586,1.42543317548573,1.47050670140541,1.53280875798027,1.55390682681215
"420",421,428,1.58462538308689,0.0626184897743602,1.47300875227019,1.48565705144094,1.53900894527689,1.58281418341428,1.62620179081676,1.69210677792601,1.71317633995745
"421",422,429,1.6810492851825,0.0689388967007449,1.55724337933771,1.57200918166922,1.63128501780852,1.6781781873029,1.72737091616067,1.79770346084907,1.82318546213299
"422",423,430,1.74740271691573,0.0782109916667789,1.60392838311875,1.62254247499431,1.69319808973517,1.74403247182533,1.80005886797687,1.88405360299779,1.90975920048762
"423",424,431,1.80359852823028,0.090745150467193,1.64117241583437,1.65979882497353,1.73930195412591,1.80034097921963,1.8632385750791,1.96297275894176,1.99486017276207
"424",425,432,1.83326847216401,0.0961472177118648,1.66197065796417,1.68232758712531,1.76484980074496,1.82740546887611,1.8989687636921,1.9993392856565,2.03513544658659
"425",426,433,1.82705786570124,0.101052110797274,1.65368357942304,1.67175474436809,1.75287304601297,1.82116437037811,1.89361806302881,2.00976956647605,2.04236003964895
"426",427,434,1.84446198783867,0.102473198710989,1.66556114738106,1.68459528974121,1.7704905541125,1.83757875765974,1.91174794389946,2.03286930755807,2.06362237280798
"427",428,435,1.82238111345498,0.102030750893768,1.64855155868837,1.66797159772293,1.74862594643243,1.81580334253991,1.8844231993458,2.01563253240969,2.05624475320362
"428",429,436,1.84915056256996,0.102809426503416,1.67336586658269,1.69145296532846,1.77300553745686,1.84069763006808,1.91558747107979,2.04385864806978,2.08162660864294
"429",430,437,1.850299837228,0.101554222402126,1.67769193508327,1.69457164881002,1.77873240139811,1.84292655141614,1.91259230932391,2.04566865088337,2.08211764992003
"430",431,438,1.85906376651538,0.102318952585383,1.68645590713162,1.70113027782068,1.78369163710815,1.85215017302715,1.9261238258089,2.05403040967981,2.0866521319777
"431",432,439,1.8297573350656,0.101307145592942,1.65818034771606,1.67317290458225,1.75573080493396,1.82189084588853,1.8961871461495,2.02042486259181,2.06142798393009
"432",433,440,1.78244499225749,0.0977199238430369,1.62039932880291,1.63364700906352,1.70972168017464,1.77214052148668,1.84575387766136,1.97359198636493,2.00634141569018
"433",434,441,1.76961886799505,0.0936290028794023,1.61495418444133,1.62621803656215,1.69913886306953,1.76258269469111,1.83143307170474,1.94584261889716,1.98718864720273
"434",435,442,1.74298482848519,0.0887094057545153,1.59509412902542,1.60768308873298,1.67774255329449,1.73670759266673,1.80153564704988,1.91908173885498,1.94445322090821
"435",436,443,1.74130600667545,0.0853044796775619,1.60075182612351,1.61234911128352,1.67699446395168,1.73669318781065,1.79475779100777,1.90546941957107,1.93745052256902
"436",437,444,1.68293315782592,0.0815392793343641,1.54780805886846,1.55670113679404,1.62147309895633,1.67613923932514,1.73711770451959,1.84077904799488,1.87086563905546
"437",438,445,1.65366348370474,0.0765884558670201,1.52849704693141,1.53915581630034,1.59652107606822,1.64760453265159,1.7035895726572,1.80182342142184,1.83176513954726
"438",439,446,1.59199187498012,0.0713144258455536,1.47610648907114,1.48588971162775,1.53783203589845,1.58605804039082,1.63826256996741,1.73179604627273,1.75647816619137
"439",440,447,1.54199687569014,0.0643204862329942,1.43778509178595,1.44664090904748,1.49217160324408,1.53572515751773,1.58415521761468,1.66797176193999,1.69085784947872
"440",441,448,1.5202720279733,0.0587906444301788,1.42691971262982,1.43481037341216,1.47522387789018,1.51717719562511,1.55814697134581,1.63640172289375,1.65855687292609
"441",442,449,1.5071074675105,0.0548963040131383,1.41970681297559,1.42662895281285,1.46452891808612,1.50296461354522,1.54366871785953,1.61515102433751,1.63625920992183
"442",443,450,1.50368645389901,0.0527532149588963,1.41865924557246,1.42675455774449,1.46241024331655,1.50054052165936,1.53905620054399,1.60889538126166,1.62554562439131
"443",444,451,1.49418103322616,0.051068668817882,1.4120349258675,1.41862001850911,1.45532776986137,1.49123263118128,1.5283726201895,1.59475592696903,1.61275349771404
"444",445,452,1.50074394790048,0.0505406966150029,1.41884731948403,1.42640917312502,1.46148501792193,1.49844296825946,1.53409857705799,1.59929326940075,1.61735969312865
"445",446,453,1.50231393436959,0.0502284281996065,1.41950506535404,1.42684285059758,1.46511822067034,1.49936756787138,1.53589157931373,1.60238930047784,1.61633400694552
"446",447,454,1.50094581475617,0.0504838645881925,1.41851384712116,1.42496922715803,1.46232661550968,1.49799950139174,1.53477531468811,1.60009270959755,1.61456365014271
"447",448,455,1.50556463300273,0.0508046458824304,1.42264757637215,1.42879579086316,1.46791327120995,1.50271597718361,1.53869372689784,1.6061506054236,1.620727045672
"448",449,456,1.49248918865626,0.0502899780591463,1.40920516977345,1.41518101464557,1.45496398658905,1.48920146945339,1.52652890990789,1.59293021564043,1.60605187230637
"449",450,457,1.46297781848435,0.0494186820308488,1.38346458466728,1.38893757347767,1.42477526740915,1.46007870384015,1.49574095039089,1.55992079500184,1.57648935071897
"450",451,458,1.42132751468464,0.0465459533057056,1.34548188521994,1.3511164970261,1.38589757921435,1.41863738144373,1.45234440552706,1.51310007485452,1.52870089095371
"451",452,459,1.37272636708699,0.042304533044539,1.3057356343678,1.31021113187171,1.34000010403681,1.36988431909144,1.40043017217406,1.45753400614051,1.4703952809204
"452",453,460,1.31862955862955,0.0375855727825588,1.26030881223528,1.26484448906834,1.28935543917185,1.31649361274765,1.34374376592378,1.39651095066578,1.40707976216016
"453",454,461,1.26280807829824,0.031814949984887,1.21291417401652,1.21731036386854,1.23728845271883,1.26079737444767,1.28415793030965,1.32594365620126,1.33755231904004
"454",455,462,1.21844060318442,0.0272800624544351,1.17635343670624,1.17955995111438,1.19634463252949,1.21702446946498,1.23596246287168,1.27224294637607,1.28390181890429
"455",456,463,1.17021803400544,0.0222796675725935,1.13387577165183,1.13736395792043,1.15256556901819,1.16908213605368,1.18492571618313,1.21076390837541,1.22293665411975
"456",457,464,1.12892413866728,0.0182746410407606,1.09886638317331,1.10215259829203,1.11484508704691,1.12763717102033,1.14074129900017,1.16157153233699,1.17269516154257
"457",458,465,1.09702420245471,0.0149242005271792,1.07095805044269,1.07407002240435,1.08639586532205,1.09596092530986,1.1067661273672,1.12346589332826,1.13075380732326
"458",459,466,1.07394564892564,0.0123299012136338,1.05209967918713,1.05473577891429,1.06514471819016,1.07338165667525,1.08210162427505,1.09523101275025,1.10059125840362
"459",460,467,1.05552347605322,0.0106561636638069,1.03607385375744,1.03866931076173,1.04795569173914,1.05500472286059,1.06246613293872,1.07426317077042,1.07775164051358
"460",461,468,1.04198579805854,0.00916778714718712,1.02537299156854,1.0275143856959,1.03574217450933,1.04168114584647,1.0479755059668,1.0577509224935,1.06125183513879
"461",462,469,1.03550862062206,0.00839357164503192,1.01930651415708,1.02163126448203,1.0298259493031,1.03546302568301,1.0410958624148,1.04940995535279,1.05231351118812
"462",463,470,1.03148418976919,0.00758591116564876,1.01711422726208,1.01926704212654,1.02619166390384,1.03125719454382,1.03668982877892,1.04442509652332,1.046878783806
"463",464,471,1.03375113801193,0.00715301391098638,1.02022873181745,1.0223930805345,1.02878753740364,1.03362396654321,1.03866208949883,1.04572378276263,1.04797081719429
"464",465,472,1.03755954996945,0.00649676692601627,1.02520550852798,1.02732348850471,1.03293940315388,1.0373730970088,1.04196159794588,1.04845212918578,1.05053989294815
"465",466,473,1.03548315219053,0.00636278788783682,1.02357299191175,1.02535156270694,1.03111375521435,1.03534061516005,1.0397784062373,1.04630465003286,1.04812758023389
"466",467,474,1.0355069815232,0.00622951104496553,1.02329920614018,1.02545369569297,1.03138653012551,1.03538309390017,1.03981502020785,1.04576137821008,1.04753932711361
"467",468,475,1.0334777646923,0.00625591269957075,1.02136567712407,1.02303218330067,1.02923622629834,1.03344778078486,1.03786522582941,1.04372559619778,1.04582332142404
"468",469,476,1.03257699015313,0.00614157336489419,1.02069025530256,1.02247066618251,1.02843398934795,1.03254245193415,1.0366072135042,1.04275652104974,1.0446115357159
"469",470,477,1.0273485093337,0.00615850809303604,1.01562511497214,1.01709594378101,1.0233078512943,1.02744185392868,1.03155397442693,1.03732358602067,1.03939372726638
"470",471,478,1.02491480471649,0.00608430032178867,1.01315936830457,1.01482594130678,1.02095734881202,1.02482080490717,1.02906874211995,1.03504902910638,1.03681303804558
"471",472,479,1.0099295736729,0.00602079745148968,0.998387541725326,1.00006137609348,1.00583361927861,1.00995420865886,1.01394226790913,1.019979966854,1.02181274893829
"472",473,480,0.990388395776756,0.00577202256435097,0.979198094804152,0.980966404410672,0.986547351993478,0.990398814365314,0.994147004113312,1.00004062438235,1.00221073509275
"473",474,481,0.978987393303561,0.00566997153392314,0.967993778243164,0.969683366428387,0.975025439567662,0.978956048512447,0.98281232029584,0.988158863084873,0.990361820851014
"474",475,482,0.956710079397103,0.00575953285884485,0.945684262938581,0.947331508018112,0.952935515018179,0.9567610069972,0.960495358594614,0.966276576947719,0.968234171138435
"475",476,483,0.939504560193668,0.0062188084997636,0.927451800310965,0.929655291274347,0.935266801871658,0.939383496057149,0.94352529343043,0.949680062861675,0.952000786498459
"476",477,484,0.909765361289161,0.00677463914452244,0.896702093955145,0.898922772577404,0.905091542431859,0.90967764968016,0.914226262317814,0.921341970552255,0.923288671525941
"477",478,485,0.870303376515779,0.00751998473281713,0.856252695835123,0.858246778326694,0.864945587329672,0.870089078732664,0.875324693797755,0.882846755694713,0.885561841319892
"478",479,486,0.82829720225438,0.00892499484575689,0.811517672350416,0.814133409485596,0.822055845225029,0.827922675112296,0.834266973802036,0.843797931386843,0.846664852380942
"479",480,487,0.803061312816844,0.0108676862306814,0.78233269756617,0.785510787798053,0.795431525355983,0.80319236371096,0.810238194133341,0.821746628317709,0.825242364828884
"480",481,488,0.781511019172096,0.0128090552469059,0.757100120779876,0.760123622976609,0.772676832557151,0.781454846092767,0.790356330787532,0.803321302239871,0.806433298297278
"481",482,489,0.74956450547272,0.0140154152649051,0.72111160105505,0.72554960031139,0.739995894917571,0.749733760626455,0.759042052584613,0.773482147278299,0.776403913501778
"482",483,490,0.724103522122186,0.0149183738998868,0.694624155646283,0.699033151165596,0.713861470028316,0.724026115858301,0.734438996144556,0.749179340576209,0.752313126678196
"483",484,491,0.699495322624821,0.0162537177388704,0.66670982132468,0.67134769029671,0.688298733506514,0.699667184130345,0.711036111998244,0.726265423303079,0.730484845823117
"484",485,492,0.686513396905438,0.0174801754513286,0.65044864503579,0.65657496139646,0.674418597044212,0.686639097201753,0.698786719648216,0.715549050700249,0.71894704647364
"485",486,493,0.691003361038479,0.0189432299312352,0.651585521191483,0.657185984039982,0.677993544197139,0.691251717002244,0.704793599214878,0.721134018450739,0.725047329455274
"486",487,494,0.689432193563284,0.0192421839483141,0.64849470675271,0.654993475447019,0.676247044240862,0.689671860823311,0.703933402788511,0.719130996928036,0.722320256276217
"487",488,495,0.670987719831749,0.0190867696436888,0.629356663552681,0.635641774707734,0.658047713247691,0.670867142570546,0.686041512603408,0.700238771794869,0.703237949593723
"488",489,496,0.650772652241011,0.0184693022232466,0.610430501572316,0.617507567943129,0.637652724955153,0.650148122330125,0.664977936721029,0.679334135043012,0.682213340754389
"489",490,497,0.63939816388481,0.0189432496767925,0.598555333509852,0.605015931361564,0.625889146333265,0.639583477950271,0.653993056181812,0.668192050595491,0.671333912922703
"490",491,498,0.633388439980247,0.019662766229339,0.590439304708502,0.597720762482546,0.619755926152125,0.633353567297599,0.648890284281134,0.663761723234019,0.666304721429107
"491",492,499,0.615412921013116,0.0195780152766326,0.572368262077863,0.581050801358259,0.60188184095775,0.615354574496767,0.630581714907411,0.646090046330753,0.649817310301566
"492",493,500,0.596684693199709,0.0197047453621835,0.554984239240958,0.562716944880491,0.582685374926986,0.596477207479063,0.612280057174909,0.626759034673741,0.630370148416139
"493",494,501,0.567393603354034,0.0197775366395249,0.525473009530109,0.532523811755857,0.553300787389057,0.566974232356127,0.583143508900118,0.598032740043553,0.601563396751916
"494",495,502,0.549571718364894,0.0198787471502491,0.507603848927899,0.515247023189687,0.535487534982702,0.548891189777636,0.565575864122446,0.580686049263586,0.584418901052535
"495",496,503,0.538407551115527,0.0211112528273172,0.494091868214317,0.501495005057404,0.523250459298118,0.538190287575312,0.55497316918482,0.571331303563176,0.57545998948897
"496",497,504,0.526835431011837,0.0215925558680334,0.480720590040246,0.490156799894564,0.511375086691212,0.526435556988276,0.543477600175101,0.560235337708817,0.564538856465407
"497",498,505,0.521299144019597,0.0223506111259236,0.474336673076207,0.483585430004355,0.505177402059898,0.52131108250124,0.539280489731404,0.555806157911922,0.560151487415207
"498",499,506,0.509067346561866,0.0226752295203264,0.460304928888306,0.470539185473928,0.492807549251804,0.50894684970082,0.526459463602253,0.544085131052534,0.548620595718869
"499",500,507,0.50922447687496,0.0229661259106179,0.460955210558354,0.47048899495955,0.492991931565084,0.508974325552621,0.526836630205051,0.545781373684266,0.549910014642212
"500",501,508,0.513985888375853,0.024073729942726,0.462642072369183,0.473502161686564,0.496703315413382,0.513840877607878,0.532286967609525,0.552853084124285,0.558038233182307
"501",502,509,0.523141491106208,0.0248051935571984,0.471345831559799,0.480785010984256,0.505870408252307,0.523216286069952,0.541956937152481,0.562762701563073,0.568506309589234
"502",503,510,0.514729850782966,0.0247848433881214,0.462442243451246,0.472551007927778,0.497837755978271,0.514747089309372,0.532660905547015,0.554362301026818,0.559194624529675
"503",504,511,0.522280629478182,0.0250501497505669,0.470210310329572,0.480849817843122,0.504843572679317,0.522240175063321,0.540647878387485,0.56271807253348,0.569196171649825
"504",505,512,0.532512360817755,0.0258464295089867,0.480147287429349,0.488747928247523,0.514163289860775,0.533222541176391,0.550876327191877,0.574381266637796,0.580922017697805
"505",506,513,0.54406830438676,0.0264269555315905,0.489422227954083,0.500281195493365,0.525560877473568,0.544162251218968,0.562961539329952,0.587301314794878,0.593587551702929
"506",507,514,0.55931144150499,0.0269300783994977,0.505181216669383,0.51513688351404,0.540679456815196,0.558626317208701,0.578480760479629,0.60344796919436,0.610191106255091
"507",508,515,0.570646686305924,0.0272775531277133,0.516319980729157,0.525099179637313,0.551582993056804,0.570840249493373,0.590029364328987,0.614886244621991,0.621623308807005
"508",509,516,0.580775542788933,0.0282014747690645,0.525532322019305,0.535096073145095,0.561915004735994,0.580887132682839,0.60024987924853,0.626945151273338,0.63546266154107
"509",510,517,0.593592955665971,0.0279105556664834,0.538242622804453,0.547669312856901,0.574269409832145,0.593159201829144,0.613007383210189,0.6393519177979,0.647343838159222
"510",511,518,0.629191986585919,0.0287816833496506,0.574081603408652,0.582179055117221,0.609205570991205,0.62868569408019,0.648760500234453,0.676764090787508,0.687023054321092
"511",512,519,0.651217550364834,0.029277582730584,0.594769899466189,0.603858725522262,0.631294236920425,0.650951920679896,0.672206726247585,0.699543325756894,0.708418244941307
"512",513,520,0.678186426705318,0.0299178939268703,0.619845441355693,0.629072026050547,0.657660285763986,0.678433975168263,0.698560585813499,0.728563438926406,0.735945420223731
"513",514,521,0.682123916639542,0.0290928334336529,0.625020435083696,0.633640593117867,0.661971939710736,0.681654110969455,0.701510393429218,0.73092796195843,0.739338575183141
"514",515,522,0.700943215276006,0.0284458433511585,0.645378165674607,0.654875698948669,0.680869553220244,0.700861021530844,0.720566448821079,0.746482772063227,0.754965970217465
"515",516,523,0.693561503093045,0.0279912099177361,0.638582884412115,0.647708093758889,0.673928167569145,0.693472525760412,0.712300767161684,0.740185793303616,0.747447748845104
"516",517,524,0.681489824553915,0.0275007868120465,0.628276344491782,0.636246355082163,0.662342465564574,0.681824104053825,0.699795605299346,0.726874210934525,0.736388681452529
"517",518,525,0.6736407093166,0.0265863250868371,0.620492372762997,0.62994110796593,0.655486212741573,0.67347234391653,0.691586449572501,0.717679206654328,0.725764270073136
"518",519,526,0.67634290323738,0.0280293945798807,0.620440720066318,0.629610943623085,0.657877015062589,0.676372156478932,0.694271063640048,0.72266797419931,0.73247103396818
"519",520,527,0.691609112249955,0.0283580962606095,0.636850016350833,0.645187503820648,0.672263403828169,0.691622732458292,0.710616497617182,0.737990988827515,0.747594211509618
"520",521,528,0.690267286474999,0.0291750280596505,0.634555055384902,0.642347032748596,0.670144259295864,0.690263132613946,0.710256348704887,0.737651600608925,0.748814565171923
"521",522,529,0.695393339211972,0.0301920363160084,0.636987160977592,0.645688241081768,0.674819686414161,0.695334577688784,0.715875485738711,0.746110289743637,0.754581645210516
"522",523,530,0.668002345770891,0.0287962590043772,0.613961708559788,0.620999931255156,0.648046372360278,0.667203722461026,0.687628641424356,0.717056292535573,0.725283310985495
"523",524,531,0.701188397022165,0.0312455805983619,0.639647559566059,0.649498972042235,0.680359801993675,0.701512291675243,0.721757356112666,0.751905396368544,0.761797684843316
"524",525,532,0.750948484874074,0.0335443890965389,0.687691185536153,0.697048324183318,0.726781675380657,0.750661583671169,0.773976350769324,0.80694635886911,0.817519846823271
"525",526,533,0.793837287184446,0.0343964140535064,0.725944877636129,0.735055916925645,0.771857839785658,0.793922473361583,0.816476079304088,0.849448720063424,0.861328774793191
"526",527,534,0.831824240830309,0.0352991187533482,0.763981374096231,0.774500202509393,0.807189755304405,0.830780192468159,0.856362016904073,0.888624254871067,0.900306341156312
"527",528,535,0.861398301201512,0.0353956483665541,0.792874975485587,0.804362146242507,0.837079602937183,0.861503580393827,0.884422697268815,0.921554564082155,0.933370462126529
"528",529,536,0.863282199960195,0.0353288546544751,0.794893732443108,0.805240774346192,0.838662741219886,0.863309272017977,0.887276218221999,0.922067379107969,0.931668755719601
"529",530,537,0.88764835573973,0.0355423767793076,0.8204519424258,0.831616260899724,0.863850431342194,0.886537220549154,0.910684476815003,0.948487838319476,0.959132171330076
"530",531,538,0.900180361830325,0.0350125952259332,0.833212188804532,0.842687413738666,0.876786196298778,0.899882700215784,0.922598852335752,0.959771460106414,0.971188765806296
"531",532,539,0.913397085673743,0.0352399598067901,0.845527397788863,0.856364488895994,0.889341206319371,0.912381990114282,0.936055321186056,0.973075311227834,0.985952426534316
"532",533,540,0.926860745085902,0.0358914851323213,0.859076374220384,0.867577038371431,0.902051579734229,0.925706647275644,0.950997032612387,0.987846829622654,0.996411376937819
"533",534,541,0.935241254824767,0.0354259177201063,0.866362514075762,0.87851839371566,0.911704826508193,0.93517281979095,0.958189715940932,0.995075516959592,1.00783845863297
"534",535,542,0.944313929413785,0.036975141540951,0.87558547836205,0.884055126457719,0.919357981670758,0.94334897145408,0.968364039824314,1.00707623957804,1.01801968341311
"535",536,543,0.955341675346447,0.0365213880665235,0.886457835396542,0.896944705897999,0.930694073882138,0.953961923884574,0.979463157372059,1.01878352791379,1.03002831370765
"536",537,544,0.983791627245834,0.0375337641521694,0.910281338724373,0.922004665095513,0.957209198454429,0.984043301017338,1.0092458889291,1.04536713245173,1.05563238721834
"537",538,545,0.973477769473967,0.0375993135574441,0.900580022918591,0.913877680832893,0.948043159142227,0.971654359301115,0.998834611142413,1.03664589048791,1.04899205284256
"538",539,546,1.02465889025346,0.0376274073979712,0.948898026649632,0.961592995139186,0.999619585928432,1.02469511891762,1.05014762278879,1.08535552519229,1.09755263778374
"539",540,547,1.04811867199865,0.038760837718473,0.974951450351573,0.985079446720643,1.02121877678764,1.04712304717065,1.07408350436047,1.11371874619511,1.12665985328149
"540",541,548,1.05801866058485,0.0398361696385849,0.982153680151022,0.992076986804375,1.03143974022365,1.05760501147312,1.08512172928175,1.12344435840816,1.13634276561306
"541",542,549,1.05371466740408,0.0396303759479675,0.979197002225165,0.989630931390819,1.02714902814191,1.05294150471804,1.07998850935166,1.12118104032036,1.13411166470534
"542",543,550,1.05443621168042,0.0382054921057726,0.979277339137291,0.991568542134571,1.02884141069003,1.05543863071964,1.08067320624711,1.11589788943211,1.12717141619099
"543",544,551,1.04725924919432,0.0386865309119798,0.970441333713819,0.982506007483699,1.02166218284706,1.0473140181012,1.07338007694206,1.11003709296355,1.12356919696817
"544",545,552,1.0404069928538,0.0370640655965165,0.966449880416842,0.979598541963735,1.01551090084184,1.04095944051881,1.06528700809516,1.10068531416286,1.11282764649811
"545",546,553,1.07832121254053,0.0384016404915174,1.00045716308777,1.01363401545641,1.0529544897224,1.07906311864808,1.10403185980714,1.14133974158331,1.15099544427341
"546",547,554,1.07022087884483,0.0380549912119324,0.99240966563057,1.00767742106947,1.04437320404475,1.06937190591047,1.09599798071358,1.13293254052331,1.14654309963457
"547",548,555,1.03121261490147,0.037695598953039,0.959261961219982,0.970320751213575,1.00591302823631,1.03067511005682,1.05610583562814,1.09568288251993,1.10744278508089
"548",549,556,1.01455590027001,0.0372958476251519,0.945304305879222,0.955419624077089,0.989223635999195,1.01318163680315,1.0397542066555,1.07827470282104,1.08908258604866
"549",550,557,0.992428515151773,0.036291884861055,0.920666004461417,0.933087265821573,0.967718823974235,0.992417521215764,1.01733112405271,1.05154613995335,1.06321896922777
"550",551,558,0.965652085805938,0.0364946453754124,0.894567693842728,0.904409740157049,0.940349567900226,0.966561113588794,0.990822869490928,1.02312729767066,1.03513937144989
"551",552,559,0.939271235126939,0.0347337533132758,0.874565881062308,0.883266179737065,0.915382652133812,0.938566452608404,0.962598290085174,0.996811257801485,1.00743378931154
"552",553,560,0.947977434999555,0.0353471117994645,0.876245070156066,0.890559127992933,0.924139595127658,0.947519620501768,0.972586160923942,1.00607854864543,1.01649870084282
"553",554,561,0.803586950556675,0.0327964366082571,0.741222373038006,0.751388316360798,0.781283851721428,0.803160932981757,0.824760385972255,0.860526851186236,0.869174811876817
"554",555,562,0.66411644436026,0.0306491398081844,0.606843912235208,0.61523394720289,0.642526591490168,0.663915341475115,0.684552419641453,0.714993192755794,0.725461677779834
"555",556,563,0.567767223744913,0.0300698920881742,0.511414218646144,0.519702815366636,0.547120775480125,0.567977102319476,0.587200476575577,0.617174889950351,0.627328816759809
"556",557,564,0.45944289266623,0.0299858765498845,0.403991067719186,0.411964301647846,0.43890411531707,0.458523991792293,0.479090205916502,0.511355178797002,0.520220018992917
"557",558,565,0.374774852607659,0.0292661650897708,0.318391413123407,0.327801604271061,0.354799354858314,0.373265593348247,0.394343162695313,0.424771059101573,0.434099680975257
"558",559,566,0.283564818523412,0.0273354704505896,0.233676318587346,0.239556267042105,0.2638565741499,0.283112945818877,0.301386962183867,0.329646477427704,0.339293484619242
"559",560,567,0.18578685902269,0.0227064719701289,0.145773569546414,0.150859386933162,0.169962577312387,0.183990634570523,0.200419134503784,0.225398241267652,0.233591380966019
"560",561,568,0.00402528987719479,0.00316771396734759,0.000365135812895662,0.000571398174306349,0.00170859234665317,0.00315835235449742,0.00541491701454027,0.0105444253150186,0.0123276115709006
"561",562,569,0.00493433688679537,0.00381494887567645,0.000463122910722857,0.000739463206902043,0.00220137203185315,0.00403900242028936,0.00679124195085531,0.011858234050446,0.0145288056351156
"562",563,570,0.0062373342335216,0.00478460918182255,0.000589366947563171,0.000919724268058807,0.00272092416802378,0.00504710297965239,0.00838637971704072,0.0157439610645789,0.018741881216521
"563",564,571,0.00804477339577117,0.00645633218476436,0.000646325472259223,0.00108763391991433,0.00339780925312497,0.00640978607675243,0.0107921138736177,0.02124728085756,0.0250766058410582
"564",565,572,0.0103709013544444,0.00813327950153998,0.00085562321567316,0.0014623207936029,0.00445956488158944,0.0084327620699675,0.0142461153558606,0.0263045702756247,0.0314255054737129
"565",566,573,0.0145110581305956,0.0114479560079062,0.00128978086004266,0.00181514553941331,0.00626743199158081,0.0115950418557596,0.0199589840904299,0.0365253068220711,0.043964896897124
"566",567,574,0.0196177945224521,0.0156330552455456,0.00157488486129414,0.00261381523996023,0.00832764636388719,0.0158712698774356,0.0268159166774431,0.0499303632573557,0.0582808563147824
"567",568,575,0.0258767408382151,0.0207151497428337,0.00222017192110074,0.00367934542121421,0.0113230826656398,0.0206944481353243,0.0350768534250344,0.0652226774329083,0.0779235601762674
"568",569,576,0.0372425266329946,0.0307679961195239,0.00308139589643073,0.00491152823793902,0.0152306393351155,0.0287009005865238,0.0503987230472685,0.0961362560572422,0.119145863337861
"569",570,577,0.0514221306065623,0.0447723296086106,0.00503911110824461,0.0077346848060976,0.021183869401346,0.0393317118674016,0.0680199261118164,0.134645604279768,0.165078156278249
"570",571,578,0.0705340491394313,0.0604853630120008,0.0061239265224983,0.00913264712143448,0.0286663910952913,0.0537843908966191,0.0942129608374841,0.184854326751757,0.233618664264521
"571",572,579,0.101752962553647,0.0891490888437613,0.00768082688767478,0.0116147486060854,0.0397534229648261,0.0753657231501267,0.139169396025545,0.276727930802893,0.333432770203009
"572",573,580,0.140464792872155,0.128033294152763,0.0105715728197582,0.0162480967505414,0.0552253971555171,0.102359089942652,0.18519498657548,0.397898962204928,0.48471096812924
"573",574,581,0.193257816839124,0.184344323393261,0.0143582956153345,0.0232038043814516,0.0718718725852221,0.139231791621785,0.251834649975829,0.534668601018744,0.677745598469218
"574",575,582,0.271380863148454,0.258375939385712,0.0214976092354747,0.0310904199259936,0.101243612477902,0.192778038919874,0.351036308595294,0.794485385254842,0.972520596421527
"575",576,583,0.367787245949194,0.37021592092163,0.0255498885147251,0.0388041374115816,0.123719957671276,0.252181129162156,0.483083746363926,1.07614614478603,1.36179625539909
"576",577,584,0.517103886384057,0.534250916013162,0.036521460398589,0.0545237813211282,0.172525859132342,0.355998024433215,0.663393656904429,1.56758753626034,2.00099601555167
"577",578,585,0.642399663983365,0.649200042540663,0.0441627826591392,0.0684377220261092,0.225589732263301,0.433220729760048,0.837787967174766,1.91893346867914,2.48766912966773
"578",579,586,0.812523934889885,0.789872008551175,0.0545585822590205,0.0878459560821013,0.279799167829845,0.556771902256283,1.07586008846209,2.34733758198835,2.97318105229996
"579",580,587,1.02104418872662,0.975834943429528,0.0744079149724811,0.115547017831291,0.353613431188598,0.716510706841423,1.37073807177122,2.90104729310918,3.7690749832293
"580",581,588,1.21478614757662,1.11236242475173,0.0856744181403735,0.122363632906795,0.438890367525311,0.867065275383005,1.63121126258896,3.5790204115432,4.152535903349
"581",582,589,1.41129068162912,1.25996388006242,0.104232336707373,0.163456523411438,0.541120790371107,1.06187828183612,1.87164540831112,3.86424571234743,4.73958501209066
"582",583,590,1.5785262449092,1.37653072197264,0.106497775632104,0.175859868531016,0.581585285166391,1.19678903390744,2.14262401746666,4.22563166516821,5.10973340504654
"583",584,591,1.73895943001822,1.42760794866776,0.139331310215931,0.204210221517675,0.705612588849263,1.38253903579707,2.35761310949991,4.58188901196819,5.45630192845482
"584",585,592,1.9268284484982,1.59555644749202,0.175526635500748,0.260082227918892,0.804675547456843,1.50711739369515,2.60422146461446,5.06016144992905,6.16753696182601
"585",586,593,2.06006970648694,1.71085453153028,0.181092182617026,0.257537126992515,0.829006657061056,1.60699144052321,2.7916462788673,5.44484948335582,6.53539996787772
"586",587,594,2.21967535988978,1.7384172437604,0.198035627781911,0.305002409663036,0.941536649697434,1.79186978413212,3.05285711727193,5.55297526856075,6.57290695552523
"587",588,595,2.21315993808378,1.78351978560619,0.196984855599912,0.307648986292429,0.937896135023043,1.74465237318395,2.98655638060969,5.7206777690309,6.7694525127016
"588",589,596,2.2692010569142,1.79127208863527,0.22047882531042,0.319085471260861,0.946440858582664,1.81111901063696,3.08026573792538,5.76414238446351,7.01285503367074
"589",590,597,2.39226562735256,1.85997178307287,0.222244317907747,0.342579486552506,1.00895478126421,1.90763370003479,3.29359062840177,6.16127079757265,7.10274165127383
"590",591,598,2.40382937491458,1.85918843169253,0.210479446571125,0.336324401272482,1.06905834576951,1.91305071594581,3.22770797886514,6.23113277468055,7.31166269683741
"591",592,599,2.44569347649338,1.88356637537594,0.249619483187201,0.388085911678049,1.09478189166872,1.99445174978129,3.31394886827323,6.01338809181006,7.08468783524258
"592",593,600,2.44927000713892,1.91638920083289,0.210298180467553,0.316715021518667,1.05514484776941,1.98131901526199,3.35785608508037,6.27237898303754,7.17775537285585
"593",594,601,2.51941704072777,1.97262277548726,0.245035726454898,0.379014754005977,1.10141713960931,2.0139383817594,3.44562491374536,6.2899476080878,7.53493349653596
"594",595,602,2.55226858825973,1.9954401253167,0.226223390646815,0.324744598299552,1.11988623775921,2.05963657391239,3.42974110546171,6.23937036624069,7.65805030003002
"595",596,603,2.58345898461921,1.95194934152542,0.212056413912525,0.32716340707621,1.12600037776029,2.13008870153007,3.50948535729539,6.35437171056432,7.44657739020387
"596",597,604,2.60266053393967,1.96765802589387,0.263276015592828,0.382182715593696,1.15921150645496,2.12278596211526,3.50388149918753,6.54319267445185,7.78641024250805
"597",598,605,2.6171428236902,2.02087393037261,0.260981554498492,0.419388632714454,1.148173078814,2.12700055461382,3.52704446786583,6.51252565873079,7.79978524504281
"598",599,606,2.53415326931006,1.98410489688666,0.231196380359558,0.355993526418172,1.09901233986482,1.99495162963356,3.42719183086109,6.42703939289262,7.88587502878899
"599",600,607,2.62197860839945,2.01440530068611,0.244932604395021,0.379298194800334,1.16416618115566,2.14411745647371,3.54730096420484,6.41411073914219,7.92285569507543
"600",601,608,2.58508137168615,1.99445088496026,0.237445197559124,0.379732167193023,1.12163740502671,2.09413518782958,3.47726356253043,6.50089680545346,7.91697734673464
"601",602,609,2.61459350750246,2.00175055985604,0.231256296838203,0.375406885402201,1.11913446550463,2.11452078634859,3.57791113251076,6.56200727299617,7.70748550662919
"602",603,610,2.60908291783461,1.99626678318543,0.278127153078034,0.420370389053435,1.16705339283103,2.134482816012,3.51497239688144,6.38841314174071,7.65933748832648
"603",604,611,2.58846329573699,1.98417052627712,0.229923413915532,0.368698308705113,1.16617386151131,2.09801358535428,3.46324913696376,6.58929742228844,7.78242841423561
"604",605,612,2.58269378477985,2.02511890896013,0.222209969700386,0.337735182302893,1.12435317393891,2.07698415017301,3.47693581480845,6.51954593112956,7.90991481820817
"605",606,613,2.59838203528057,2.00699176021039,0.21547581849854,0.344463664068146,1.13021552543371,2.12549589081632,3.5462007202882,6.48088807811507,7.75664952417529
"606",607,614,2.56378663102008,2.00019701182496,0.222176286306782,0.36591147287984,1.11078704097122,2.08945635477955,3.46691087811045,6.46029288884594,7.64658143176477
"607",608,615,2.64154616368253,2.03562428726635,0.245511301096009,0.37242871067982,1.13677318981749,2.15115474527106,3.60774970179462,6.47637232705192,7.71355835658151
"608",609,616,2.63638797801684,2.06545451470896,0.2217970596978,0.334714075496121,1.13662378565044,2.13886940941127,3.56710359188617,6.52975590406477,7.9159627380381
